일자,종가,대비,등락률,시가,고가,저가,거래량,거래대금,상장시가총액
"2022/04/13","2716.49","49.73","1.86","2677.53","2717.63","2672.60","733241.0","9645446.0","2.131314721E9"
"2022/04/12","2666.76","-26.34","-0.98","2674.17","2685.08","2658.40","870970.0","9853720.0","2.092582277E9"
"2022/04/11","2693.10","-7.29","-0.27","2687.54","2711.02","2683.96","742602.0","8831630.0","2.113756558E9"
"2022/04/08","2700.39","4.53","0.17","2706.64","2712.00","2685.52","948355.0","1.0296234E7","2.119201356E9"
"2022/04/07","2695.86","-39.17","-1.43","2714.70","2718.50","2693.36","999276.0","1.2291043E7","2.116922779E9"
"2022/04/06","2735.03","-24.17","-0.88","2739.07","2747.85","2730.66","1321645.0","1.1014545E7","2.147029119E9"
"2022/04/05","2759.20","1.30","0.05","2765.50","2769.18","2750.50","1605994.0","9933181.0","2.165864596E9"
"2022/04/04","2757.90","18.05","0.66","2729.86","2758.38","2722.45","1022971.0","9744918.0","2.164964282E9"
"2022/04/01","2739.85","-17.80","-0.65","2745.85","2745.85","2729.68","1305564.0","1.0689584E7","2.151279538E9"
"2022/03/31","2757.65","10.91","0.40","2743.24","2765.20","2743.20","1030289.0","9729367.0","2.164962824E9"
"2022/03/30","2746.74","5.67","0.21","2758.31","2760.60","2740.02","840134.0","1.1099514E7","2.156901356E9"
"2022/03/29","2741.07","11.51","0.42","2745.62","2754.18","2733.22","732159.0","1.00203E7","2.152615774E9"
"2022/03/28","2729.56","-0.42","-0.02","2721.22","2737.46","2707.74","768043.0","9801744.0","2.143333164E9"
"2022/03/25","2729.98","0.32","0.01","2740.83","2740.95","2722.36","602771.0","1.0824995E7","2.143377809E9"
"2022/03/24","2729.66","-5.39","-0.20","2716.25","2729.66","2705.14","960898.0","1.3177859E7","2.142618011E9"
"2022/03/23","2735.05","25.05","0.92","2727.12","2742.27","2720.83","883376.0","1.1838672E7","2.146408436E9"
"2022/03/22","2710.00","23.95","0.89","2686.68","2712.14","2686.58","489442.0","9367506.0","2.12700289E9"
"2022/03/21","2686.05","-20.97","-0.77","2717.81","2717.81","2683.69","502402.0","8693850.0","2.109394247E9"
"2022/03/18","2707.02","12.51","0.46","2695.64","2708.16","2688.71","644017.0","1.1442604E7","2.125657537E9"
"2022/03/17","2694.51","35.28","1.33","2703.27","2714.00","2694.51","546079.0","1.1900905E7","2.116541927E9"
"2022/03/16","2659.23","37.70","1.44","2649.85","2659.90","2630.03","736354.0","9310851.0","2.088519368E9"
"2022/03/15","2621.53","-24.12","-0.91","2630.31","2641.97","2615.08","604182.0","9583002.0","2.05938999E9"
"2022/03/14","2645.65","-15.63","-0.59","2654.93","2661.76","2633.31","636324.0","1.2037827E7","2.078071441E9"
"2022/03/11","2661.28","-19.04","-0.71","2665.95","2672.62","2647.28","797034.0","1.2363206E7","2.090547969E9"
"2022/03/10","2680.32","57.92","2.21","2660.86","2682.79","2660.86","613810.0","1.3694703E7","2.105097714E9"
"2022/03/08","2622.40","-28.91","-1.09","2617.33","2647.18","2605.81","540370.0","1.1679452E7","2.06069594E9"
"2022/03/07","2651.31","-62.12","-2.29","2680.17","2680.17","2644.10","571562.0","1.20893E7","2.083197353E9"
"2022/03/04","2713.43","-33.65","-1.22","2736.58","2736.58","2702.34","765676.0","1.2427424E7","2.132467179E9"
"2022/03/03","2747.08","43.56","1.61","2729.86","2748.21","2726.35","614515.0","1.0592862E7","2.156827002E9"
"2022/03/02","2703.52","4.34","0.16","2698.31","2716.46","2692.24","527950.0","1.0996673E7","2.12303252E9"
"2022/02/28","2699.18","22.42","0.84","2663.00","2699.18","2658.25","613470.0","1.2894248E7","2.120187754E9"
"2022/02/25","2676.76","27.96","1.06","2678.47","2694.81","2665.96","664347.0","1.2221012E7","2.103963329E9"
"2022/02/24","2648.80","-70.73","-2.60","2689.28","2694.55","2642.63","926400.0","1.3586138E7","2.082126695E9"
"2022/02/23","2719.53","12.74","0.47","2727.43","2729.56","2705.31","537841.0","9138534.0","2.13736731E9"
"2022/02/22","2706.79","-37.01","-1.35","2705.08","2721.84","2690.09","648401.0","1.059049E7","2.127945076E9"
"2022/02/21","2743.80","-0.72","-0.03","2706.65","2746.62","2694.90","495301.0","7896734.0","2.156626849E9"
"2022/02/18","2744.52","0.43","0.02","2714.52","2747.08","2711.88","513521.0","8508342.0","2.157425759E9"
"2022/02/17","2744.09","14.41","0.53","2735.11","2770.66","2711.99","611422.0","1.1812905E7","2.157575548E9"
"2022/02/16","2729.68","53.14","1.99","2719.61","2730.43","2711.34","422366.0","8389883.0","2.146197286E9"
"2022/02/15","2676.54","-27.94","-1.03","2712.45","2716.45","2665.47","589039.0","9435834.0","2.104887624E9"
"2022/02/14","2704.48","-43.23","-1.57","2715.10","2724.72","2688.24","616343.0","1.1579387E7","2.12685315E9"
"2022/02/11","2747.71","-24.22","-0.87","2739.14","2766.70","2735.08","480520.0","1.0992603E7","2.161381267E9"
"2022/02/10","2771.93","3.08","0.11","2787.44","2788.27","2761.76","509611.0","1.2776154E7","2.179937247E9"
"2022/02/09","2768.85","22.38","0.81","2772.63","2773.38","2753.51","539124.0","1.0337571E7","2.176095838E9"
"2022/02/08","2746.47","1.41","0.05","2767.76","2779.85","2726.72","560534.0","1.1785877E7","2.158494534E9"
"2022/02/07","2745.06","-5.20","-0.19","2750.70","2750.70","2718.94","417838.0","1.1291948E7","2.157575112E9"
"2022/02/04","2750.26","42.44","1.57","2714.83","2751.80","2712.87","536149.0","1.1393256E7","2.162189762E9"
"2022/02/03","2707.82","44.48","1.67","2706.34","2735.34","2702.78","435710.0","1.2472536E7","2.129673299E9"
"2022/01/28","2663.34","48.85","1.87","2617.87","2668.59","2591.53","434187.0","1.3753057E7","2.094859102E9"
"2022/01/27","2614.49","-94.75","-3.50","2709.24","2722.86","2614.49","487727.0","2.0548835E7","2.056788549E9"
"2022/01/26","2709.24","-11.15","-0.41","2729.75","2744.14","2708.10","472651.0","8978727.0","2.007683222E9"
"2022/01/25","2720.39","-71.61","-2.56","2786.41","2789.62","2703.99","639959.0","1.1700945E7","2.016270364E9"
"2022/01/24","2792.00","-42.29","-1.49","2823.76","2828.11","2780.68","473993.0","9304491.0","2.068283398E9"
"2022/01/21","2834.29","-28.39","-0.99","2837.49","2847.95","2817.11","532753.0","1.0718108E7","2.098926813E9"
"2022/01/20","2862.68","20.40","0.72","2842.28","2862.70","2830.97","395669.0","8872018.0","2.119405878E9"
"2022/01/19","2842.28","-21.96","-0.77","2840.34","2871.79","2832.18","463829.0","9649067.0","2.10522365E9"
"2022/01/18","2864.24","-25.86","-0.89","2898.98","2902.79","2857.26","554041.0","1.0040965E7","2.121897006E9"
"2022/01/17","2890.10","-31.82","-1.09","2918.55","2919.67","2875.98","593261.0","1.0396513E7","2.141590251E9"
"2022/01/14","2921.92","-40.17","-1.36","2937.61","2944.97","2914.73","532668.0","1.0799738E7","2.164996763E9"
"2022/01/13","2962.09","-10.39","-0.35","2979.91","2982.14","2958.39","604871.0","1.1458979E7","2.1937996E9"
"2022/01/12","2972.48","45.10","1.54","2950.78","2972.58","2950.31","519501.0","1.0895354E7","2.20096725E9"
"2022/01/11","2927.38","0.66","0.02","2930.93","2943.57","2909.82","566172.0","1.0646542E7","2.168032047E9"
"2022/01/10","2926.72","-28.17","-0.95","2947.37","2951.12","2910.90","477400.0","1.0397828E7","2.166763875E9"
"2022/01/07","2954.89","34.36","1.18","2933.78","2959.03","2933.10","546172.0","1.0582421E7","2.187560534E9"
"2022/01/06","2920.53","-33.44","-1.13","2925.40","2952.54","2915.38","786045.0","1.3297135E7","2.162437324E9"
"2022/01/05","2953.97","-35.27","-1.18","2984.05","2986.20","2936.73","787346.0","1.5428423E7","2.186715367E9"
"2022/01/04","2989.24","0.47","0.02","2991.97","2995.25","2973.08","621549.0","9991474.0","2.21208792E9"
"2022/01/03","2988.77","11.12","0.37","2998.32","3010.77","2979.42","435826.0","8193887.0","2.211373367E9"
"2021/12/30","2977.65","-15.64","-0.52","2999.75","3005.36","2975.74","461038.0","8727458.0","2.203366546E9"
"2021/12/29","2993.29","-26.95","-0.89","3002.90","3007.72","2988.67","545832.0","1.0908667E7","2.215462632E9"
"2021/12/28","3020.24","20.69","0.69","3006.77","3020.29","2991.55","607046.0","1.2096894E7","2.237623537E9"
"2021/12/27","2999.55","-12.88","-0.43","3013.94","3017.31","2999.30","475363.0","8280395.0","2.221527069E9"
"2021/12/24","3012.43","14.26","0.48","3009.48","3025.77","3009.48","537548.0","8583473.0","2.230019406E9"
"2021/12/23","2998.17","13.69","0.46","2998.02","3000.70","2980.91","483839.0","9319627.0","2.218653457E9"
"2021/12/22","2984.48","9.45","0.32","2993.50","3000.79","2976.65","461755.0","8835650.0","2.208300471E9"
"2021/12/21","2975.03","12.03","0.41","2981.67","2984.56","2955.90","410980.0","9108501.0","2.20089611E9"
"2021/12/20","2963.00","-54.73","-1.81","3001.33","3001.33","2962.07","377585.0","8621306.0","2.191456184E9"
"2021/12/17","3017.73","11.32","0.38","2985.20","3017.73","2984.19","451824.0","1.1650003E7","2.231055479E9"
"2021/12/16","3006.41","17.02","0.57","3013.26","3018.20","2989.63","402825.0","8524314.0","2.223256396E9"
"2021/12/15","2989.39","1.44","0.05","2979.83","2992.30","2973.00","432874.0","8253059.0","2.210896375E9"
"2021/12/14","2987.95","-13.71","-0.46","2983.95","3001.70","2976.16","581570.0","9856790.0","2.209778034E9"
"2021/12/13","3001.66","-8.57","-0.28","3019.67","3043.83","3000.51","375828.0","8629449.0","2.219441357E9"
"2021/12/10","3010.23","-19.34","-0.64","3008.70","3017.64","2998.29","451599.0","8434891.0","2.22564325E9"
"2021/12/09","3029.57","27.77","0.93","3007.00","3029.57","3001.55","513446.0","1.2614031E7","2.238777012E9"
"2021/12/08","3001.80","10.08","0.34","3017.93","3036.13","2995.34","488246.0","1.1115221E7","2.218153437E9"
"2021/12/07","2991.72","18.47","0.62","2973.84","2992.31","2960.90","541370.0","1.0215647E7","2.211216991E9"
"2021/12/06","2973.25","4.92","0.17","2954.82","2983.50","2932.49","479908.0","9657402.0","2.197379064E9"
"2021/12/03","2968.33","23.06","0.78","2935.93","2975.44","2927.55","486749.0","1.0344373E7","2.192835466E9"
"2021/12/02","2945.27","45.55","1.57","2874.64","2945.27","2874.64","534462.0","1.1918441E7","2.17691427E9"
"2021/12/01","2899.72","60.71","2.14","2860.12","2905.74","2837.03","563927.0","1.2534485E7","2.143338152E9"
"2021/11/30","2839.01","-70.31","-2.42","2932.71","2942.93","2822.73","983556.0","1.9852271E7","2.095821072E9"
"2021/11/29","2909.32","-27.12","-0.92","2906.15","2930.22","2890.78","844400.0","1.3092783E7","2.148359053E9"
"2021/11/26","2936.44","-43.83","-1.47","2973.04","2985.77","2930.31","595598.0","1.1901298E7","2.167444597E9"
"2021/11/25","2980.27","-14.02","-0.47","2996.74","2996.74","2973.24","595970.0","9401091.0","2.199950623E9"
"2021/11/24","2994.29","-3.04","-0.10","3006.34","3017.90","2981.02","556640.0","1.0963459E7","2.210804289E9"
"2021/11/23","2997.33","-15.92","-0.53","3013.16","3016.36","2992.14","524233.0","1.0830504E7","2.213806548E9"
"2021/11/22","3013.25","42.23","1.42","2983.38","3018.01","2980.73","530959.0","1.2945533E7","2.225325425E9"
"2021/11/19","2971.02","23.64","0.80","2951.06","2974.64","2948.07","657094.0","1.1002169E7","2.192237375E9"
"2021/11/18","2947.38","-15.04","-0.51","2959.26","2964.48","2937.53","541653.0","1.0119317E7","2.173103105E9"
"2021/11/17","2962.42","-34.79","-1.16","3004.02","3004.67","2957.70","541490.0","1.066168E7","2.183852304E9"
"2021/11/16","2997.21","-2.31","-0.08","2995.68","3011.88","2985.34","579646.0","1.1101213E7","2.208638226E9"
"2021/11/15","2999.52","30.72","1.03","2989.68","3003.71","2979.96","639396.0","1.1402053E7","2.207950545E9"
"2021/11/12","2968.80","43.88","1.50","2945.95","2973.84","2938.27","665733.0","1.2472956E7","2.185439468E9"
"2021/11/11","2924.92","-5.25","-0.18","2911.41","2925.19","2903.72","572859.0","1.3468396E7","2.153082343E9"
"2021/11/10","2930.17","-32.29","-1.09","2947.46","2958.61","2924.36","570932.0","9663221.0","2.15702273E9"
"2021/11/09","2962.46","2.26","0.08","2958.15","2987.28","2949.17","708773.0","9684977.0","2.180787959E9"
"2021/11/08","2960.20","-9.07","-0.31","2965.36","2968.18","2930.90","560205.0","1.0388089E7","2.17802038E9"
"2021/11/05","2969.27","-13.95","-0.47","3003.53","3003.53","2953.96","688028.0","1.2669723E7","2.185189386E9"
"2021/11/04","2983.22","7.51","0.25","3000.92","3011.56","2978.07","772024.0","1.465852E7","2.19542883E9"
"2021/11/03","2975.71","-37.78","-1.25","3020.36","3020.87","2969.01","658648.0","1.2438268E7","2.189540503E9"
"2021/11/02","3013.49","34.55","1.16","2995.58","3034.30","2995.58","525853.0","9662968.0","2.191376531E9"
"2021/11/01","2978.94","8.26","0.28","2984.18","2991.81","2976.87","475382.0","9410799.0","2.16607021E9"
"2021/10/29","2970.68","-38.87","-1.29","3025.67","3030.17","2965.40","545834.0","1.1035682E7","2.159375927E9"
"2021/10/28","3009.55","-15.94","-0.53","3023.17","3034.42","3009.55","617257.0","1.2367618E7","2.188063339E9"
"2021/10/27","3025.49","-23.59","-0.77","3045.83","3049.02","3019.00","607875.0","1.0220673E7","2.198753266E9"
"2021/10/26","3049.08","28.54","0.94","3039.82","3051.65","3030.53","564560.0","9512682.0","2.21575778E9"
"2021/10/25","3020.54","14.38","0.48","3001.10","3025.27","2983.29","791796.0","1.0489294E7","2.194484567E9"
"2021/10/22","3006.16","-1.17","-0.04","3005.36","3018.70","2996.26","695273.0","9047263.0","2.184542201E9"
"2021/10/21","3007.33","-5.80","-0.19","3012.28","3025.88","3002.74","887370.0","1.0572398E7","2.185679891E9"
"2021/10/20","3013.13","-15.91","-0.53","3043.13","3047.24","3012.97","680327.0","1.1178213E7","2.191094043E9"
"2021/10/19","3029.04","22.36","0.74","3022.23","3034.53","3014.19","845704.0","1.0112026E7","2.202301797E9"
"2021/10/18","3006.68","-8.38","-0.28","3017.48","3021.17","2990.44","926369.0","1.0649949E7","2.186010002E9"
"2021/10/15","3015.06","26.42","0.88","3012.62","3021.90","2999.33","857798.0","1.2540973E7","2.192125725E9"
"2021/10/14","2988.64","44.23","1.50","2968.87","2988.97","2962.33","617170.0","1.2064564E7","2.172764571E9"
"2021/10/13","2944.41","28.03","0.96","2913.34","2953.33","2909.47","752132.0","1.2294514E7","2.141374217E9"
"2021/10/12","2916.38","-39.92","-1.35","2950.22","2950.94","2901.51","660181.0","1.276765E7","2.120560982E9"
"2021/10/08","2956.30","-3.16","-0.11","2977.82","2978.08","2949.01","668947.0","1.2634091E7","2.150115811E9"
"2021/10/07","2959.46","51.15","1.76","2936.87","2961.53","2927.60","595382.0","1.1906737E7","2.151410767E9"
"2021/10/06","2908.31","-53.86","-1.82","2986.06","2993.47","2908.30","901722.0","1.5668592E7","2.114932681E9"
"2021/10/05","2962.17","-57.01","-1.89","2998.17","2998.17","2940.59","840557.0","1.5315537E7","2.153672546E9"
"2021/10/01","3019.18","-49.64","-1.62","3056.21","3062.60","3015.01","855482.0","1.2944006E7","2.195489102E9"
"2021/09/30","3068.82","8.55","0.28","3054.87","3079.43","3046.43","885819.0","1.4942854E7","2.231957338E9"
"2021/09/29","3060.27","-37.65","-1.22","3055.50","3069.04","3030.60","821558.0","1.5137008E7","2.226722697E9"
"2021/09/28","3097.92","-35.72","-1.14","3133.40","3134.46","3095.72","894913.0","1.4658731E7","2.254315886E9"
"2021/09/27","3133.64","8.40","0.27","3121.70","3146.35","3119.26","883229.0","1.2266967E7","2.279894818E9"
"2021/09/24","3125.24","-2.34","-0.07","3140.73","3146.86","3119.40","753222.0","1.2558236E7","2.27359146E9"
"2021/09/23","3127.58","-12.93","-0.41","3123.64","3131.63","3107.98","623841.0","1.4009138E7","2.27532527E9"
"2021/09/17","3140.51","10.42","0.33","3127.75","3142.13","3112.51","589244.0","1.4937658E7","2.284484861E9"
"2021/09/16","3130.09","-23.31","-0.74","3165.38","3167.68","3126.65","612873.0","1.2259518E7","2.26722004E9"
"2021/09/15","3153.40","4.57","0.15","3147.21","3164.01","3138.80","616557.0","1.2162694E7","2.284157741E9"
"2021/09/14","3148.83","20.97","0.67","3137.32","3164.31","3137.32","713227.0","1.5787292E7","2.280258289E9"
"2021/09/13","3127.86","2.10","0.07","3117.35","3139.13","3109.01","732270.0","1.3505433E7","2.264159333E9"
"2021/09/10","3125.76","11.06","0.36","3121.09","3131.54","3103.38","723085.0","1.356649E7","2.262866817E9"
"2021/09/09","3114.70","-48.29","-1.53","3146.64","3158.60","3111.49","927369.0","1.7787105E7","2.256111112E9"
"2021/09/08","3162.99","-24.43","-0.77","3178.74","3187.55","3157.07","859889.0","1.7302711E7","2.290248707E9"
"2021/09/07","3187.42","-15.91","-0.50","3200.07","3201.76","3176.81","760160.0","1.1943337E7","2.306637033E9"
"2021/09/06","3203.33","2.27","0.07","3196.30","3206.25","3186.79","726190.0","1.2313477E7","2.318348874E9"
"2021/09/03","3201.06","25.21","0.79","3189.71","3203.08","3181.64","641510.0","1.3110992E7","2.315800431E9"
"2021/09/02","3175.85","-31.17","-0.97","3198.03","3204.01","3171.78","757860.0","1.5378375E7","2.297103342E9"
"2021/09/01","3207.02","7.75","0.24","3195.67","3215.13","3185.80","746705.0","1.3537908E7","2.317655772E9"
"2021/08/31","3199.27","55.08","1.75","3144.49","3199.89","3130.30","661221.0","1.586363E7","2.309062613E9"
"2021/08/30","3144.19","10.29","0.33","3160.87","3164.87","3132.77","602858.0","1.175871E7","2.269580866E9"
"2021/08/27","3133.90","5.37","0.17","3116.29","3143.01","3106.97","520669.0","1.1039934E7","2.262422712E9"
"2021/08/26","3128.53","-18.28","-0.58","3151.30","3159.37","3121.04","727719.0","1.3335288E7","2.259280094E9"
"2021/08/25","3146.81","8.51","0.27","3148.13","3161.00","3124.25","624688.0","1.3365596E7","2.272311235E9"
"2021/08/24","3138.30","48.09","1.56","3119.70","3142.58","3115.23","586535.0","1.4946074E7","2.266706992E9"
"2021/08/23","3090.21","29.70","0.97","3086.81","3111.81","3064.65","570980.0","1.3424033E7","2.230738569E9"
"2021/08/20","3060.51","-37.32","-1.20","3111.10","3122.09","3049.03","672088.0","1.645058E7","2.209662899E9"
"2021/08/19","3097.83","-61.10","-1.93","3140.01","3158.00","3097.83","655629.0","1.7170844E7","2.235216708E9"
"2021/08/18","3158.93","15.84","0.50","3141.98","3175.88","3124.56","622792.0","1.6752627E7","2.276820395E9"
"2021/08/17","3143.09","-28.20","-0.89","3169.74","3179.49","3134.48","690842.0","2.2241588E7","2.265401557E9"
"2021/08/13","3171.29","-37.09","-1.16","3205.75","3209.72","3146.76","696468.0","2.0201969E7","2.285376012E9"
"2021/08/12","3208.38","-12.24","-0.38","3213.58","3229.59","3202.11","643283.0","2.0403906E7","2.313093348E9"
"2021/08/11","3220.62","-22.57","-0.70","3235.36","3250.21","3217.65","618093.0","1.9193401E7","2.322607459E9"
"2021/08/10","3243.19","-17.23","-0.53","3272.44","3272.44","3232.46","730349.0","2.1657925E7","2.339206516E9"
"2021/08/09","3260.42","-9.94","-0.30","3258.10","3275.15","3251.74","707654.0","1.5732538E7","2.329309985E9"
"2021/08/06","3270.36","-5.77","-0.18","3277.06","3288.17","3261.93","941361.0","1.5455404E7","2.334628994E9"
"2021/08/05","3276.13","-4.25","-0.13","3283.25","3296.17","3273.33","680941.0","1.1877709E7","2.305637212E9"
"2021/08/04","3280.38","43.24","1.34","3246.65","3283.14","3237.55","632242.0","1.235712E7","2.308134805E9"
"2021/08/03","3237.14","14.10","0.44","3221.57","3237.14","3213.20","653513.0","1.2491381E7","2.278025799E9"
"2021/08/02","3223.04","20.72","0.65","3218.42","3223.04","3194.00","561003.0","1.0237986E7","2.267461203E9"
"2021/07/30","3202.32","-40.33","-1.24","3234.37","3234.66","3202.32","687861.0","1.2808243E7","2.252545492E9"
"2021/07/29","3242.65","5.79","0.18","3248.49","3252.26","3232.50","694823.0","1.0491307E7","2.280494339E9"
"2021/07/28","3236.86","4.33","0.13","3226.06","3243.21","3210.90","868603.0","1.1979297E7","2.276373997E9"
"2021/07/27","3232.53","7.58","0.24","3244.43","3252.85","3230.75","991939.0","1.2348469E7","2.273599243E9"
"2021/07/26","3224.95","-29.47","-0.91","3265.99","3265.99","3224.95","826067.0","1.2212491E7","2.268644077E9"
"2021/07/23","3254.42","4.21","0.13","3253.44","3264.01","3246.09","805048.0","1.3209383E7","2.28897688E9"
"2021/07/22","3250.21","34.30","1.07","3235.17","3253.75","3235.17","712983.0","1.303925E7","2.286455397E9"
"2021/07/21","3215.91","-16.79","-0.52","3251.13","3252.25","3215.91","990327.0","1.4864748E7","2.26242363E9"
"2021/07/20","3232.70","-11.34","-0.35","3223.24","3234.80","3214.42","979670.0","1.5292372E7","2.27380045E9"
"2021/07/19","3244.04","-32.87","-1.00","3258.87","3258.87","3236.39","1095559.0","1.2855281E7","2.281788153E9"
"2021/07/16","3276.91","-9.31","-0.28","3282.89","3282.89","3259.32","1066507.0","1.4781319E7","2.304505795E9"
"2021/07/15","3286.22","21.41","0.66","3269.33","3286.58","3263.09","1172431.0","1.3683901E7","2.301050678E9"
"2021/07/14","3264.81","-6.57","-0.20","3270.09","3270.09","3250.45","908954.0","1.2993101E7","2.286388813E9"
"2021/07/13","3271.38","24.91","0.77","3253.24","3273.90","3253.24","1150101.0","1.3494446E7","2.290584923E9"
"2021/07/12","3246.47","28.52","0.89","3227.51","3251.45","3227.51","1135043.0","1.1280079E7","2.273494421E9"
"2021/07/09","3217.95","-34.73","-1.07","3245.52","3245.52","3188.80","1308365.0","1.6473106E7","2.253697508E9"
"2021/07/08","3252.68","-32.66","-0.99","3287.68","3295.71","3252.41","1516034.0","1.6870624E7","2.277841604E9"
"2021/07/07","3285.34","-19.87","-0.60","3303.59","3303.59","3277.66","1147641.0","1.450706E7","2.300642186E9"
"2021/07/06","3305.21","12.00","0.36","3295.44","3313.51","3295.44","1029465.0","1.4686383E7","2.31441737E9"
"2021/07/05","3293.21","11.43","0.35","3285.29","3298.93","3285.29","850406.0","1.4529926E7","2.305240405E9"
"2021/07/02","3281.78","-0.28","-0.01","3282.81","3295.68","3278.19","1019998.0","1.5437887E7","2.296886523E9"
"2021/07/01","3282.06","-14.62","-0.44","3297.92","3300.12","3278.10","1159231.0","1.6075975E7","2.29742889E9"
"2021/06/30","3296.68","10.00","0.30","3288.63","3305.73","3288.63","1610376.0","1.5646662E7","2.307579219E9"
"2021/06/29","3286.68","-15.21","-0.46","3305.26","3305.42","3276.63","1213047.0","1.5509503E7","2.300482291E9"
"2021/06/28","3301.89","-0.95","-0.03","3305.46","3311.69","3291.30","1428764.0","1.3796056E7","2.311642031E9"
"2021/06/25","3302.84","16.74","0.51","3289.18","3316.08","3289.18","1198188.0","1.8618608E7","2.312030311E9"
"2021/06/24","3286.10","9.91","0.30","3281.47","3292.27","3277.85","1301271.0","2.142651E7","2.300141383E9"
"2021/06/23","3276.19","12.31","0.38","3265.73","3281.88","3263.07","1069175.0","1.7865269E7","2.292900832E9"
"2021/06/22","3263.88","23.09","0.71","3245.79","3267.63","3245.79","1666697.0","1.5512033E7","2.283310827E9"
"2021/06/21","3240.79","-27.14","-0.83","3264.18","3264.18","3225.56","1508634.0","1.729126E7","2.266650211E9"
"2021/06/18","3267.93","2.97","0.09","3265.68","3275.76","3262.58","1627658.0","1.7492732E7","2.285587402E9"
"2021/06/17","3264.96","-13.72","-0.42","3276.20","3276.20","3251.32","1848671.0","1.4672133E7","2.283628537E9"
"2021/06/16","3278.68","20.05","0.62","3259.06","3281.96","3256.68","2345811.0","1.6297981E7","2.293095237E9"
"2021/06/15","3258.63","6.50","0.20","3253.17","3262.80","3247.90","1734497.0","1.4838275E7","2.27909389E9"
"2021/06/14","3252.13","2.81","0.09","3249.60","3254.49","3238.51","1664527.0","1.5262485E7","2.27465582E9"
"2021/06/11","3249.32","24.68","0.77","3226.98","3251.58","3226.98","1645509.0","1.7956257E7","2.272865086E9"
"2021/06/10","3224.64","8.46","0.26","3216.94","3235.39","3210.31","1896766.0","1.917054E7","2.255706784E9"
"2021/06/09","3216.18","-31.65","-0.97","3245.08","3246.49","3216.18","1964923.0","1.716471E7","2.250239308E9"
"2021/06/08","3247.83","-4.29","-0.13","3251.83","3264.67","3242.56","1951319.0","1.9352174E7","2.271737874E9"
"2021/06/07","3252.12","12.04","0.37","3244.59","3264.41","3233.40","1733348.0","1.9023222E7","2.274803756E9"
"2021/06/04","3240.08","-7.35","-0.23","3246.17","3246.19","3218.67","1392320.0","1.6051031E7","2.266301575E9"
"2021/06/03","3247.43","23.20","0.72","3224.96","3258.50","3224.96","1584799.0","1.6890462E7","2.271047146E9"
"2021/06/02","3224.23","2.36","0.07","3224.40","3241.07","3216.10","1495671.0","1.7740842E7","2.253801397E9"
"2021/06/01","3221.87","17.95","0.56","3207.12","3233.17","3199.18","1472571.0","1.5270804E7","2.252414412E9"
"2021/05/31","3203.92","15.19","0.48","3192.06","3204.29","3179.87","1123525.0","1.4017446E7","2.240204442E9"
"2021/05/28","3188.73","23.22","0.73","3172.09","3198.66","3171.85","966368.0","1.3533299E7","2.229262136E9"
"2021/05/27","3165.51","-2.92","-0.09","3170.84","3173.86","3142.37","1082006.0","2.0682335E7","2.213264037E9"
"2021/05/26","3168.43","-2.89","-0.09","3171.91","3183.97","3160.30","1269999.0","1.3173016E7","2.220195702E9"
"2021/05/25","3171.32","27.02","0.86","3152.93","3173.10","3148.30","612977.0","1.1728027E7","2.222161158E9"
"2021/05/24","3144.30","-12.12","-0.38","3155.91","3163.27","3137.81","587968.0","1.1604047E7","2.203296528E9"
"2021/05/21","3156.42","-5.86","-0.19","3171.91","3198.01","3149.46","797262.0","1.4789457E7","2.211878674E9"
"2021/05/20","3162.28","-10.77","-0.34","3174.53","3174.53","3140.48","774252.0","1.3719657E7","2.215262489E9"
"2021/05/18","3173.05","38.53","1.23","3135.38","3176.40","3135.38","786143.0","1.389861E7","2.223050434E9"
"2021/05/17","3134.52","-18.80","-0.60","3163.21","3173.01","3121.32","771306.0","1.4552524E7","2.197146071E9"
"2021/05/14","3153.32","31.21","1.00","3131.35","3162.31","3131.35","836404.0","1.4493544E7","2.20989827E9"
"2021/05/13","3122.11","-39.55","-1.25","3146.97","3161.93","3103.88","1095948.0","2.1059804E7","2.187284901E9"
"2021/05/12","3161.66","-47.77","-1.49","3209.36","3212.83","3138.04","1424059.0","2.2458066E7","2.21770446E9"
"2021/05/11","3209.43","-39.87","-1.23","3239.92","3239.92","3192.25","1096718.0","2.188349E7","2.250813286E9"
"2021/05/10","3249.30","52.10","1.63","3201.46","3255.90","3201.46","1011267.0","1.7187182E7","2.26739261E9"
"2021/05/07","3197.20","18.46","0.58","3179.63","3205.11","3179.63","989680.0","1.5206303E7","2.231754453E9"
"2021/05/06","3178.74","31.37","1.00","3147.72","3178.74","3133.64","1239403.0","1.6626445E7","2.218596989E9"
"2021/05/04","3147.37","20.17","0.64","3131.39","3147.38","3109.78","1283830.0","1.5962437E7","2.197169422E9"
"2021/05/03","3127.20","-20.66","-0.66","3149.05","3174.26","3120.70","1041199.0","1.6975831E7","2.183279571E9"
"2021/04/30","3147.86","-26.21","-0.83","3176.43","3179.43","3143.38","1359455.0","1.9207526E7","2.196644814E9"
"2021/04/29","3174.07","-7.40","-0.23","3184.75","3200.41","3161.06","1222430.0","1.9126667E7","2.214470771E9"
"2021/04/28","3181.47","-33.95","-1.06","3217.21","3219.69","3176.55","1412621.0","1.8379829E7","2.219525997E9"
"2021/04/27","3215.42","-2.11","-0.07","3218.30","3223.05","3203.25","1534230.0","1.7177221E7","2.242791906E9"
"2021/04/26","3217.53","31.43","0.99","3191.34","3217.53","3191.34","1298330.0","1.5753768E7","2.244296748E9"
"2021/04/23","3186.10","8.58","0.27","3173.47","3188.70","3146.54","2253793.0","1.5653206E7","2.223584747E9"
"2021/04/22","3177.52","5.86","0.18","3174.52","3196.97","3174.52","1752692.0","1.4862862E7","2.217699634E9"
"2021/04/21","3171.66","-49.04","-1.52","3214.24","3214.24","3165.49","1767091.0","1.6916024E7","2.212715486E9"
"2021/04/20","3220.70","21.86","0.68","3198.31","3220.82","3195.96","1296160.0","1.4508206E7","2.246496867E9"
"2021/04/19","3198.84","0.22","0.01","3201.11","3214.45","3193.40","1060619.0","1.5378169E7","2.231246758E9"
"2021/04/16","3198.62","4.29","0.13","3194.08","3206.76","3185.67","985278.0","1.5542111E7","2.230863451E9"
"2021/04/15","3194.33","11.95","0.38","3180.73","3204.48","3178.99","1312992.0","1.7671287E7","2.227893249E9"
"2021/04/14","3182.38","13.30","0.42","3169.95","3188.32","3162.12","1776265.0","1.5552014E7","2.219837253E9"
"2021/04/13","3169.08","33.49","1.07","3138.21","3173.26","3136.99","1741348.0","1.6363773E7","2.209344454E9"
"2021/04/12","3135.59","3.71","0.12","3134.88","3147.27","3127.91","1048783.0","1.3288261E7","2.186336552E9"
"2021/04/09","3131.88","-11.38","-0.36","3146.51","3156.04","3125.24","1823162.0","1.5093695E7","2.183407708E9"
"2021/04/08","3143.26","5.85","0.19","3137.25","3145.81","3122.09","1357293.0","1.7080031E7","2.190897559E9"
"2021/04/07","3137.41","10.33","0.33","3129.07","3146.19","3125.33","1984774.0","1.4490177E7","2.187857006E9"
"2021/04/06","3127.08","6.25","0.20","3123.80","3139.29","3110.19","1279017.0","1.3676602E7","2.180839058E9"
"2021/04/05","3120.83","8.03","0.26","3121.23","3127.20","3101.86","1084792.0","1.301054E7","2.175988045E9"
"2021/04/02","3112.80","25.40","0.82","3104.72","3121.58","3101.60","792705.0","1.3442351E7","2.169819699E9"
"2021/04/01","3087.40","25.98","0.85","3073.77","3090.88","3069.68","922680.0","1.4035774E7","2.151569269E9"
"2021/03/31","3061.42","-8.58","-0.28","3073.39","3093.89","3061.40","1146989.0","1.4537438E7","2.133373184E9"
"2021/03/30","3070.00","33.96","1.12","3038.44","3074.57","3038.44","1023075.0","1.4149217E7","2.139668811E9"
"2021/03/29","3036.04","-4.97","-0.16","3047.71","3054.21","3025.39","1288846.0","1.6736098E7","2.116791654E9"
"2021/03/26","3041.01","32.68","1.09","3012.79","3041.86","3012.79","1036383.0","1.5837825E7","2.11996383E9"
"2021/03/25","3008.33","11.98","0.40","2995.67","3024.63","2987.83","940354.0","1.3434688E7","2.097224019E9"
"2021/03/24","2996.35","-8.39","-0.28","2996.32","3006.54","2971.04","978431.0","1.3400025E7","2.088782705E9"
"2021/03/23","3004.74","-30.72","-1.01","3038.25","3058.79","3003.05","1331210.0","1.6167128E7","2.090378385E9"
"2021/03/22","3035.46","-4.07","-0.13","3040.01","3048.11","3019.60","915739.0","1.3348889E7","2.111019309E9"
"2021/03/19","3039.53","-26.48","-0.86","3063.01","3063.01","3022.49","1068468.0","1.63376E7","2.113198643E9"
"2021/03/18","3066.01","18.51","0.61","3054.93","3090.19","3054.93","1232596.0","1.5133172E7","2.131746122E9"
"2021/03/17","3047.50","-19.67","-0.64","3067.76","3069.57","3027.20","814991.0","1.3933301E7","2.104611972E9"
"2021/03/16","3067.17","21.46","0.70","3049.23","3071.54","3049.23","1123922.0","1.2930136E7","2.118221348E9"
"2021/03/15","3045.71","-8.68","-0.28","3057.06","3065.17","3036.14","1161784.0","1.2580944E7","2.10349019E9"
"2021/03/12","3054.39","40.69","1.35","3030.73","3061.43","3030.73","1669085.0","1.3112979E7","2.108739012E9"
"2021/03/11","3013.70","55.58","1.88","2964.30","3028.37","2964.30","1349204.0","1.602412E7","2.08113156E9"
"2021/03/10","2958.12","-18.00","-0.60","2980.76","3013.95","2951.53","905647.0","1.3586638E7","2.043540146E9"
"2021/03/09","2976.12","-19.99","-0.67","2989.96","3000.49","2929.36","1534218.0","1.8419499E7","2.056078963E9"
"2021/03/08","2996.11","-30.15","-1.00","3031.99","3055.65","2992.64","1928302.0","1.5786853E7","2.069285179E9"
"2021/03/05","3026.26","-17.23","-0.57","3036.16","3036.98","2982.45","1187226.0","1.6767185E7","2.089548989E9"
"2021/03/04","3043.49","-39.50","-1.28","3076.88","3076.88","3022.54","1278952.0","1.7149583E7","2.100388462E9"
"2021/03/03","3082.99","39.12","1.29","3041.20","3083.04","3029.37","2236688.0","1.4714276E7","2.127504522E9"
"2021/03/02","3043.87","30.92","1.03","3021.68","3096.50","3020.74","1749871.0","1.8852145E7","2.1008922E9"
"2021/02/26","3012.95","-86.74","-2.80","3089.49","3089.49","2988.28","1361310.0","2.1504876E7","2.079822287E9"
"2021/02/25","3099.69","104.71","3.50","3026.47","3099.80","3026.47","1280086.0","1.7213951E7","2.139066413E9"
"2021/02/24","2994.98","-75.11","-2.45","3070.58","3092.05","2993.46","1560931.0","2.1519851E7","2.067821072E9"
"2021/02/23","3070.09","-9.66","-0.31","3069.26","3094.29","3035.46","2357759.0","1.7661158E7","2.118916098E9"
"2021/02/22","3079.75","-27.87","-0.90","3114.03","3142.48","3079.16","1831956.0","1.8224657E7","2.126152211E9"
"2021/02/19","3107.62","20.96","0.68","3089.96","3109.67","3040.28","3455505.0","1.972047E7","2.145756604E9"
"2021/02/18","3086.66","-47.07","-1.50","3131.74","3140.40","3086.66","1860567.0","1.814118E7","2.130240936E9"
"2021/02/17","3133.73","-29.52","-0.93","3162.95","3162.95","3115.48","1784127.0","1.6846121E7","2.162973198E9"
"2021/02/16","3163.25","16.25","0.52","3151.85","3180.94","3145.84","1944396.0","1.7171321E7","2.184114152E9"
"2021/02/15","3147.00","46.42","1.50","3108.70","3156.56","3108.70","1604653.0","1.6944151E7","2.172563782E9"
"2021/02/10","3100.58","15.91","0.52","3088.13","3111.88","3064.25","2152917.0","1.8333692E7","2.140181514E9"
"2021/02/09","3084.67","-6.57","-0.21","3102.25","3129.66","3084.67","2145388.0","1.8389342E7","2.129174908E9"
"2021/02/08","3091.24","-29.39","-0.94","3113.63","3128.54","3085.59","1277207.0","1.931222E7","2.132984549E9"
"2021/02/05","3120.63","33.08","1.07","3098.49","3124.62","3081.78","1193487.0","1.9789811E7","2.154425469E9"
"2021/02/04","3087.55","-42.13","-1.35","3135.02","3135.02","3068.46","1460946.0","2.0648473E7","2.130412929E9"
"2021/02/03","3129.68","32.87","1.06","3108.42","3142.26","3091.85","901789.0","2.2427782E7","2.158359679E9"
"2021/02/02","3096.81","40.28","1.32","3065.56","3138.95","3065.56","887314.0","1.9143871E7","2.134009403E9"
"2021/02/01","3056.53","80.32","2.70","2976.81","3056.87","2947.24","969262.0","2.0724667E7","2.104888955E9"
"2021/01/29","2976.21","-92.84","-3.03","3078.73","3100.22","2962.70","995071.0","2.4350307E7","2.051302353E9"
"2021/01/28","3069.05","-53.51","-1.71","3114.98","3114.98","3046.64","1310455.0","2.3007883E7","2.11566711E9"
"2021/01/27","3122.56","-17.75","-0.57","3143.46","3182.53","3118.89","924582.0","2.0147107E7","2.15286046E9"
"2021/01/26","3140.31","-68.68","-2.14","3203.96","3209.18","3132.67","873024.0","2.1874954E7","2.165657737E9"
"2021/01/25","3208.99","68.36","2.18","3144.01","3212.22","3142.80","1093653.0","2.1172003E7","2.212081519E9"
"2021/01/22","3140.63","-20.21","-0.64","3163.83","3185.26","3140.60","1111223.0","2.4305356E7","2.165993243E9"
"2021/01/21","3160.84","46.29","1.49","3123.27","3163.21","3123.27","1360065.0","2.5279965E7","2.179020943E9"
"2021/01/20","3114.55","21.89","0.71","3115.04","3145.01","3077.15","1192695.0","2.4628057E7","2.14652677E9"
"2021/01/19","3092.66","78.73","2.61","3013.05","3107.00","3011.32","1353312.0","2.4190453E7","2.13156425E9"
"2021/01/18","3013.93","-71.97","-2.33","3079.90","3079.90","3003.89","1472049.0","2.3186884E7","2.077227073E9"
"2021/01/15","3085.90","-64.03","-2.03","3153.84","3189.90","3085.90","1331079.0","2.3162292E7","2.127886649E9"
"2021/01/14","3149.93","1.64","0.05","3148.65","3159.03","3128.72","1233183.0","2.4122957E7","2.170678334E9"
"2021/01/13","3148.29","22.34","0.71","3128.26","3164.37","3109.63","1578042.0","2.472559E7","2.16937897E9"
"2021/01/12","3125.95","-22.50","-0.71","3145.87","3154.79","3047.56","1390618.0","3.1407397E7","2.15570254E9"
"2021/01/11","3148.45","-3.73","-0.12","3161.90","3266.23","3096.19","1712526.0","4.4433772E7","2.171629412E9"
"2021/01/08","3152.18","120.50","3.97","3040.11","3161.11","3040.11","1297903.0","4.090949E7","2.170537648E9"
"2021/01/07","3031.68","63.47","2.14","2980.75","3055.28","2980.75","1524655.0","2.7182807E7","2.086578562E9"
"2021/01/06","2968.21","-22.36","-0.75","2993.34","3027.16","2961.37","1793419.0","2.9909396E7","2.044102754E9"
"2021/01/05","2990.57","46.12","1.57","2943.67","2990.57","2921.84","1519912.0","2.654838E7","2.059743508E9"
"2021/01/04","2944.45","70.98","2.47","2874.50","2946.54","2869.11","1026510.0","2.5011394E7","2.028846032E9"
"2020/12/30","2873.47","52.96","1.88","2820.36","2878.21","2809.35","1074033.0","1.7928855E7","1.980543162E9"
"2020/12/29","2820.51","11.91","0.42","2810.55","2823.44","2792.06","1046839.0","1.9299049E7","1.944111086E9"
"2020/12/28","2808.60","1.74","0.06","2820.95","2834.59","2799.56","1006250.0","2.4197781E7","1.938374378E9"
"2020/12/24","2806.86","47.04","1.70","2762.60","2812.16","2762.60","1030890.0","1.9984695E7","1.936826862E9"
"2020/12/23","2759.82","26.14","0.96","2737.74","2769.08","2716.28","1121347.0","2.0281218E7","1.901461519E9"
"2020/12/22","2733.68","-44.97","-1.62","2772.03","2774.22","2733.64","1260762.0","1.9881378E7","1.881809988E9"
"2020/12/21","2778.65","6.47","0.23","2771.98","2780.24","2747.09","1139514.0","1.8972231E7","1.911737301E9"
"2020/12/18","2772.18","1.75","0.06","2770.95","2782.15","2762.80","1059144.0","1.9166225E7","1.907350242E9"
"2020/12/17","2770.43","-1.36","-0.05","2769.89","2772.71","2742.25","1015484.0","1.6275329E7","1.90641928E9"
"2020/12/16","2771.79","14.97","0.54","2763.64","2781.08","2761.50","1166638.0","1.3649677E7","1.907811219E9"
"2020/12/15","2756.82","-5.38","-0.19","2763.65","2769.37","2735.08","1093523.0","1.5537969E7","1.897677117E9"
"2020/12/14","2762.20","-7.86","-0.28","2769.43","2782.79","2755.29","1113631.0","1.7012253E7","1.901627365E9"
"2020/12/11","2770.06","23.60","0.86","2754.16","2781.04","2754.16","1215239.0","1.83291E7","1.906299605E9"
"2020/12/10","2746.46","-9.01","-0.33","2750.34","2765.46","2718.70","1227651.0","2.0630647E7","1.889374447E9"
"2020/12/09","2755.47","54.54","2.02","2703.30","2755.47","2703.30","1252305.0","1.7007606E7","1.894556865E9"
"2020/12/08","2700.93","-44.51","-1.62","2745.13","2747.45","2700.92","1415240.0","1.7157199E7","1.857599327E9"
"2020/12/07","2745.44","13.99","0.51","2738.11","2754.01","2711.42","1499265.0","1.7933012E7","1.888221382E9"
"2020/12/04","2731.45","35.23","1.31","2705.34","2742.77","2705.34","1778897.0","1.9875836E7","1.877444703E9"
"2020/12/03","2696.22","20.32","0.76","2686.38","2696.22","2672.85","817066.0","1.5605054E7","1.852628728E9"
"2020/12/02","2675.90","41.65","1.58","2645.88","2677.26","2644.53","1076204.0","1.7506705E7","1.838364843E9"
"2020/12/01","2634.25","42.91","1.66","2613.42","2638.87","2611.67","1151129.0","1.5947293E7","1.809494578E9"
"2020/11/30","2591.34","-42.11","-1.60","2648.05","2648.66","2591.34","1311831.0","2.1231832E7","1.7796354E9"
"2020/11/27","2633.45","7.54","0.29","2624.80","2635.00","2618.47","1196042.0","1.2641691E7","1.808171429E9"
"2020/11/26","2625.91","24.37","0.94","2605.73","2625.97","2592.43","1387435.0","1.2714565E7","1.803103425E9"
"2020/11/25","2601.54","-16.22","-0.62","2637.34","2642.26","2583.41","1410105.0","2.1795848E7","1.786075295E9"
"2020/11/24","2617.76","15.17","0.58","2616.28","2628.52","2605.03","1364506.0","1.6886574E7","1.797825355E9"
"2020/11/23","2602.59","49.09","1.92","2560.04","2605.58","2553.70","1649443.0","1.5763526E7","1.786992048E9"
"2020/11/20","2553.50","6.08","0.24","2544.06","2558.21","2539.79","1129501.0","1.2266186E7","1.75206508E9"
"2020/11/19","2547.42","1.78","0.07","2536.89","2548.95","2529.53","976483.0","1.2515007E7","1.747598155E9"
"2020/11/18","2545.64","6.49","0.26","2548.85","2553.95","2536.78","923504.0","1.3554048E7","1.746416815E9"
"2020/11/17","2539.15","-3.88","-0.15","2544.12","2556.09","2533.34","1267495.0","1.7795513E7","1.742186196E9"
"2020/11/16","2543.03","49.16","1.97","2507.46","2546.37","2507.46","1239135.0","1.90884E7","1.744282188E9"
"2020/11/13","2493.87","18.25","0.74","2470.12","2495.77","2460.96","1072383.0","1.7043855E7","1.710439788E9"
"2020/11/12","2475.62","-10.25","-0.41","2482.68","2488.79","2467.04","1278692.0","1.642001E7","1.698329618E9"
"2020/11/11","2485.87","33.04","1.35","2459.50","2488.04","2459.50","1272039.0","1.8307326E7","1.703946067E9"
"2020/11/10","2452.83","5.63","0.23","2453.95","2457.94","2435.59","1464168.0","1.7981336E7","1.681030953E9"
"2020/11/09","2447.20","30.70","1.27","2438.63","2459.15","2434.52","1354863.0","1.4847225E7","1.676944569E9"
"2020/11/06","2416.50","2.71","0.11","2421.79","2431.11","2404.97","825569.0","1.2579333E7","1.655495907E9"
"2020/11/05","2413.79","56.47","2.40","2373.41","2413.79","2370.85","702037.0","1.2578752E7","1.653392888E9"
"2020/11/04","2357.32","14.01","0.60","2361.32","2371.14","2339.95","986786.0","1.4835039E7","1.61483676E9"
"2020/11/03","2343.31","43.15","1.88","2315.81","2344.77","2315.30","887445.0","1.0874229E7","1.605475497E9"
"2020/11/02","2300.16","33.01","1.46","2276.61","2302.64","2267.95","678501.0","8514452.0","1.57579315E9"
"2020/10/30","2267.15","-59.52","-2.56","2319.56","2320.20","2266.93","795585.0","1.1782118E7","1.553004436E9"
"2020/10/29","2326.67","-18.59","-0.79","2312.34","2330.17","2299.91","509768.0","1.0357788E7","1.594058109E9"
"2020/10/28","2345.26","14.42","0.62","2324.18","2345.46","2316.47","705770.0","8941028.0","1.607471156E9"
"2020/10/27","2330.84","-13.07","-0.56","2328.66","2349.33","2321.23","666942.0","1.1269186E7","1.59838891E9"
"2020/10/26","2343.91","-16.90","-0.72","2366.50","2374.50","2342.58","822268.0","1.1654274E7","1.607185398E9"
"2020/10/23","2360.81","5.76","0.24","2364.84","2368.57","2344.49","890385.0","1.0724122E7","1.618108162E9"
"2020/10/22","2355.05","-15.81","-0.67","2355.61","2360.22","2339.73","815612.0","9774989.0","1.614311509E9"
"2020/10/21","2370.86","12.45","0.53","2363.03","2371.74","2356.32","812837.0","9864098.0","1.624489277E9"
"2020/10/20","2358.41","11.67","0.50","2333.56","2358.41","2322.06","874293.0","1.1833548E7","1.616230745E9"
"2020/10/19","2346.74","5.21","0.22","2352.92","2364.25","2344.77","931645.0","1.049073E7","1.607299316E9"
"2020/10/16","2341.53","-19.68","-0.83","2363.88","2370.73","2325.03","920205.0","1.114146E7","1.604041752E9"
"2020/10/15","2361.21","-19.27","-0.81","2375.91","2376.73","2348.74","1165501.0","1.3029475E7","1.617478082E9"
"2020/10/14","2380.48","-22.67","-0.94","2403.74","2405.56","2375.54","901177.0","1.1018495E7","1.621936204E9"
"2020/10/13","2403.15","-0.58","-0.02","2416.85","2418.89","2385.87","724920.0","1.0203178E7","1.63670577E9"
"2020/10/12","2403.73","11.77","0.49","2404.18","2409.42","2393.74","843574.0","1.0693283E7","1.636302269E9"
"2020/10/08","2391.96","5.02","0.21","2408.49","2409.01","2383.82","961726.0","1.2530442E7","1.6281335E9"
"2020/10/07","2386.94","21.04","0.89","2350.82","2387.45","2347.82","737994.0","8971101.0","1.624292282E9"
"2020/10/06","2365.90","7.90","0.34","2369.17","2378.28","2355.39","861755.0","1.1131424E7","1.609944298E9"
"2020/10/05","2358.00","30.11","1.29","2330.55","2364.73","2327.83","763618.0","1.0682774E7","1.604627372E9"
"2020/09/29","2327.89","19.81","0.86","2331.51","2339.83","2320.04","646218.0","9487147.0","1.584465079E9"
"2020/09/28","2308.08","29.29","1.29","2301.16","2314.81","2291.32","605977.0","8971172.0","1.571128314E9"
"2020/09/25","2278.79","6.09","0.27","2295.19","2296.36","2267.63","697962.0","1.0181604E7","1.551915294E9"
"2020/09/24","2272.70","-60.54","-2.59","2295.62","2309.74","2268.88","714881.0","1.2469005E7","1.547321103E9"
"2020/09/23","2333.24","0.65","0.03","2352.56","2354.46","2287.44","735042.0","1.3562935E7","1.587924103E9"
"2020/09/22","2332.59","-56.80","-2.38","2388.14","2388.49","2323.58","1051028.0","1.7896726E7","1.587733596E9"
"2020/09/21","2389.39","-23.01","-0.95","2412.44","2427.17","2379.38","1041993.0","1.4215076E7","1.625769303E9"
"2020/09/18","2412.40","6.23","0.26","2413.53","2417.81","2396.33","756517.0","1.3965197E7","1.6408981E9"
"2020/09/17","2406.17","-29.75","-1.22","2430.77","2437.02","2398.69","853740.0","1.4235036E7","1.636916706E9"
"2020/09/16","2435.92","-7.66","-0.31","2442.72","2450.53","2429.94","772938.0","1.1855357E7","1.657263235E9"
"2020/09/15","2443.58","15.67","0.65","2434.59","2444.57","2423.79","849969.0","1.1840594E7","1.662644697E9"
"2020/09/14","2427.91","31.22","1.30","2418.33","2429.07","2410.79","963083.0","1.2021767E7","1.652166907E9"
"2020/09/11","2396.69","0.21","0.01","2389.76","2397.56","2374.00","882880.0","1.2068892E7","1.630532301E9"
"2020/09/10","2396.48","20.67","0.87","2404.83","2406.68","2388.56","1064574.0","1.5782939E7","1.630210829E9"
"2020/09/09","2375.81","-26.10","-1.09","2372.53","2388.85","2369.12","946247.0","1.5502531E7","1.615470589E9"
"2020/09/08","2401.91","17.69","0.74","2402.66","2407.56","2391.43","979357.0","1.7297864E7","1.63322314E9"
"2020/09/07","2384.22","15.97","0.67","2369.85","2387.49","2362.42","1197385.0","1.7183376E7","1.620531148E9"
"2020/09/04","2368.25","-27.65","-1.15","2332.68","2371.02","2332.68","1351039.0","1.9692978E7","1.60909799E9"
"2020/09/03","2395.90","31.53","1.33","2383.26","2401.78","2382.23","981546.0","1.7420977E7","1.627702404E9"
"2020/09/02","2364.37","14.82","0.63","2363.43","2369.57","2341.29","1429273.0","1.5793103E7","1.605940739E9"
"2020/09/01","2349.55","23.38","1.01","2340.19","2355.90","2331.23","1085245.0","1.6664315E7","1.596297723E9"
"2020/08/31","2326.17","-27.63","-1.17","2377.09","2381.50","2326.06","1647818.0","1.9494384E7","1.581099787E9"
"2020/08/28","2353.80","9.35","0.40","2362.22","2379.26","2345.28","1297312.0","1.5539938E7","1.599550089E9"
"2020/08/27","2344.45","-24.87","-1.05","2371.95","2373.36","2344.38","913917.0","1.5184934E7","1.593246017E9"
"2020/08/26","2369.32","2.59","0.11","2367.74","2374.68","2336.98","956478.0","1.4435847E7","1.610120509E9"
"2020/08/25","2366.73","36.90","1.58","2352.15","2369.78","2340.97","771585.0","1.356798E7","1.608120253E9"
"2020/08/24","2329.83","25.24","1.10","2309.38","2332.33","2283.48","649277.0","1.1654193E7","1.583436465E9"
"2020/08/21","2304.59","30.37","1.34","2306.16","2329.34","2280.97","865736.0","1.4111672E7","1.566780399E9"
"2020/08/20","2274.22","-86.32","-3.66","2339.91","2357.08","2270.85","903744.0","1.7101785E7","1.546235567E9"
"2020/08/19","2360.54","12.30","0.52","2370.87","2380.10","2353.17","637965.0","1.2367503E7","1.604983685E9"
"2020/08/18","2348.24","-59.25","-2.46","2405.84","2419.65","2336.78","909750.0","1.7572479E7","1.596724897E9"
"2020/08/14","2407.49","-30.04","-1.23","2427.85","2435.00","2383.69","968125.0","1.6595686E7","1.63685779E9"
"2020/08/13","2437.53","5.18","0.21","2455.28","2458.17","2412.49","907219.0","1.8250023E7","1.656293275E9"
"2020/08/12","2432.35","13.68","0.57","2414.78","2432.35","2393.27","763735.0","1.6680056E7","1.652303925E9"
"2020/08/11","2418.67","32.29","1.35","2396.11","2429.36","2396.11","843438.0","1.9680402E7","1.643244636E9"
"2020/08/10","2386.38","34.71","1.48","2353.92","2390.51","2349.33","784617.0","1.9511322E7","1.621675151E9"
"2020/08/07","2351.67","9.06","0.39","2349.25","2362.24","2333.62","812595.0","1.7585764E7","1.598022872E9"
"2020/08/06","2342.61","30.75","1.33","2322.64","2352.48","2322.64","797147.0","1.7831686E7","1.590672221E9"
"2020/08/05","2311.86","31.89","1.40","2289.23","2312.14","2283.95","841299.0","1.7883091E7","1.569777969E9"
"2020/08/04","2279.97","28.93","1.29","2272.33","2284.66","2269.69","722906.0","1.5287235E7","1.548269502E9"
"2020/08/03","2251.04","1.67","0.07","2251.65","2254.38","2237.04","648462.0","1.3612906E7","1.528025691E9"
"2020/07/31","2249.37","-17.64","-0.78","2278.53","2281.41","2248.49","739689.0","1.3002293E7","1.526798728E9"
"2020/07/30","2267.01","3.85","0.17","2275.33","2281.33","2263.81","713039.0","1.3550209E7","1.539287193E9"
"2020/07/29","2263.16","6.17","0.27","2258.35","2276.79","2252.24","899494.0","1.5500572E7","1.536196696E9"
"2020/07/28","2256.99","39.13","1.76","2238.19","2266.00","2237.21","866726.0","1.7516982E7","1.530086534E9"
"2020/07/27","2217.86","17.42","0.79","2203.48","2231.25","2203.48","928625.0","1.4256877E7","1.502710706E9"
"2020/07/24","2200.44","-15.75","-0.71","2196.73","2219.57","2195.49","1001025.0","1.7156947E7","1.490986232E9"
"2020/07/23","2216.19","-12.47","-0.56","2227.24","2227.24","2202.99","934542.0","1.6328983E7","1.501425782E9"
"2020/07/22","2228.66","-0.17","-0.01","2228.20","2238.86","2221.62","856218.0","1.5651893E7","1.509717833E9"
"2020/07/21","2228.83","30.63","1.39","2219.19","2234.86","2214.28","918483.0","1.5759333E7","1.509515194E9"
"2020/07/20","2198.20","-2.99","-0.14","2209.59","2209.59","2183.83","686819.0","1.2025004E7","1.488358384E9"
"2020/07/17","2201.19","17.43","0.80","2187.85","2204.20","2187.85","569297.0","1.0191103E7","1.490180654E9"
"2020/07/16","2183.76","-18.12","-0.82","2203.30","2207.34","2177.82","784637.0","1.1304254E7","1.478307593E9"
"2020/07/15","2201.88","18.27","0.84","2208.73","2216.97","2190.66","830266.0","1.3641396E7","1.490240355E9"
"2020/07/14","2183.61","-2.45","-0.11","2176.43","2183.61","2165.60","810952.0","1.163336E7","1.477856002E9"
"2020/07/13","2186.06","35.81","1.67","2170.51","2188.80","2163.07","650231.0","1.0462266E7","1.479593286E9"
"2020/07/10","2150.25","-17.65","-0.81","2171.44","2171.52","2140.29","886987.0","1.2048058E7","1.455781561E9"
"2020/07/09","2167.90","9.02","0.42","2171.15","2181.48","2166.74","619368.0","1.202995E7","1.467208749E9"
"2020/07/08","2158.88","-5.29","-0.24","2166.76","2173.83","2150.89","677810.0","1.1567569E7","1.460994855E9"
"2020/07/07","2164.17","-23.76","-1.09","2202.04","2206.79","2164.03","847434.0","1.4858393E7","1.465179698E9"
"2020/07/06","2187.93","35.52","1.65","2158.95","2191.28","2157.71","666902.0","1.1656295E7","1.480948171E9"
"2020/07/03","2152.41","17.04","0.80","2147.89","2153.54","2135.30","770055.0","8649544.0","1.456812255E9"
"2020/07/02","2135.37","28.67","1.36","2116.72","2135.37","2113.98","1091965.0","1.0745168E7","1.445664482E9"
"2020/07/01","2106.70","-1.63","-0.08","2128.81","2133.55","2101.33","1116221.0","1.0232632E7","1.417280238E9"
"2020/06/30","2108.33","14.85","0.71","2124.38","2134.38","2108.26","708605.0","1.1699083E7","1.418860741E9"
"2020/06/29","2093.48","-41.17","-1.93","2105.54","2120.50","2087.84","643156.0","9025868.0","1.408463552E9"
"2020/06/26","2134.65","22.28","1.05","2137.47","2142.04","2115.25","761044.0","9821160.0","1.436168481E9"
"2020/06/25","2112.37","-49.14","-2.27","2130.45","2143.33","2112.37","1017721.0","1.0692627E7","1.420866478E9"
"2020/06/24","2161.51","30.27","1.42","2145.93","2171.86","2143.91","913896.0","1.3324798E7","1.453951201E9"
"2020/06/23","2131.24","4.51","0.21","2149.13","2158.15","2110.51","917567.0","1.3496081E7","1.433435233E9"
"2020/06/22","2126.73","-14.59","-0.68","2126.38","2142.88","2122.10","789372.0","1.0098315E7","1.430718937E9"
"2020/06/19","2141.32","7.84","0.37","2153.09","2153.57","2108.91","1079453.0","1.2300498E7","1.441080603E9"
"2020/06/18","2133.48","-7.57","-0.35","2134.35","2145.13","2120.29","767184.0","1.1089871E7","1.435518023E9"
"2020/06/17","2141.05","3.00","0.14","2133.18","2154.37","2105.26","927516.0","1.545844E7","1.440025502E9"
"2020/06/16","2138.05","107.23","5.28","2091.09","2138.08","2079.02","973639.0","1.3837057E7","1.437701364E9"
"2020/06/15","2030.82","-101.48","-4.76","2114.41","2129.67","2030.82","1072278.0","1.8242465E7","1.366175254E9"
"2020/06/12","2132.30","-44.48","-2.04","2088.24","2137.12","2084.63","689897.0","1.4960781E7","1.434087758E9"
"2020/06/11","2176.78","-18.91","-0.86","2184.36","2200.72","2148.51","827381.0","1.6987058E7","1.46439259E9"
"2020/06/10","2195.69","6.77","0.31","2187.91","2200.68","2178.12","706294.0","1.2888183E7","1.476712868E9"
"2020/06/09","2188.92","4.63","0.21","2206.23","2212.17","2166.01","817085.0","1.4689861E7","1.472051666E9"
"2020/06/08","2184.29","2.42","0.11","2215.60","2217.21","2174.96","854035.0","1.3145519E7","1.468714984E9"
"2020/06/05","2181.87","30.69","1.43","2151.17","2187.25","2138.18","854591.0","1.2778906E7","1.466769477E9"
"2020/06/04","2151.18","4.18","0.19","2181.64","2191.00","2139.68","1393308.0","1.6034002E7","1.44626012E9"
"2020/06/03","2147.00","59.81","2.87","2108.55","2156.55","2107.69","1152001.0","1.6998832E7","1.442871666E9"
"2020/06/02","2087.19","22.11","1.07","2061.45","2089.43","2059.14","1000332.0","1.0232917E7","1.402057228E9"
"2020/06/01","2065.08","35.48","1.75","2037.04","2065.38","2035.63","997348.0","9839657.0","1.387477879E9"
"2020/05/29","2029.60","1.06","0.05","2018.37","2038.89","2006.62","1086215.0","1.408459E7","1.363450451E9"
"2020/05/28","2028.54","-2.66","-0.13","2047.08","2054.52","2003.75","1172134.0","1.4479213E7","1.363293486E9"
"2020/05/27","2031.20","1.42","0.07","2027.90","2043.44","2019.82","1178848.0","1.2635098E7","1.364678863E9"
"2020/05/26","2029.78","35.18","1.76","2001.00","2029.89","1997.94","1017804.0","1.2545314E7","1.363735034E9"
"2020/05/25","1994.60","24.47","1.24","1980.51","1994.90","1967.84","641459.0","7960325.0","1.340826177E9"
"2020/05/22","1970.13","-28.18","-1.41","2001.60","2002.65","1961.40","847467.0","9509772.0","1.324302793E9"
"2020/05/21","1998.31","8.67","0.44","2003.20","2004.95","1993.00","601199.0","8636998.0","1.343561078E9"
"2020/05/20","1989.64","9.03","0.46","1972.12","1992.20","1972.12","699447.0","8248632.0","1.337699454E9"
"2020/05/19","1980.61","43.50","2.25","1977.47","1983.77","1968.59","773415.0","1.19183E7","1.331835812E9"
"2020/05/18","1937.11","9.83","0.51","1934.51","1943.07","1921.14","761696.0","9394307.0","1.301926005E9"
"2020/05/15","1927.28","2.32","0.12","1937.63","1938.59","1913.21","866357.0","9723313.0","1.294619578E9"
"2020/05/14","1924.96","-15.46","-0.80","1922.44","1931.43","1913.49","760646.0","9469021.0","1.292884145E9"
"2020/05/13","1940.42","18.25","0.95","1897.50","1940.42","1897.24","618784.0","9012308.0","1.303464008E9"
"2020/05/12","1922.17","-13.23","-0.68","1938.62","1938.62","1905.17","799930.0","9681897.0","1.29156813E9"
"2020/05/11","1935.40","-10.42","-0.54","1953.51","1960.46","1932.87","591283.0","7752761.0","1.300769234E9"
"2020/05/08","1945.82","17.21","0.89","1944.94","1956.89","1942.54","784773.0","7941568.0","1.307404236E9"
"2020/05/07","1928.61","-0.15","-0.01","1922.00","1938.50","1918.57","775658.0","7383335.0","1.296095633E9"
"2020/05/06","1928.76","33.39","1.76","1919.45","1928.76","1902.55","1082527.0","8550701.0","1.296556106E9"
"2020/05/04","1895.37","-52.19","-2.68","1906.42","1918.66","1894.29","1146855.0","1.0261902E7","1.274213042E9"
"2020/04/29","1947.56","13.47","0.70","1936.89","1957.51","1934.31","1984182.0","1.0525129E7","1.309179248E9"
"2020/04/28","1934.09","11.32","0.59","1931.25","1941.79","1911.63","1173476.0","1.0375078E7","1.300504429E9"
"2020/04/27","1922.77","33.76","1.79","1897.06","1929.82","1894.62","735663.0","8171669.0","1.293318257E9"
"2020/04/24","1889.01","-25.72","-1.34","1906.07","1908.29","1880.71","933917.0","9647344.0","1.271159367E9"
"2020/04/23","1914.73","18.58","0.98","1907.45","1923.53","1895.98","683720.0","9124272.0","1.287024851E9"
"2020/04/22","1896.15","16.77","0.89","1855.51","1897.90","1844.85","820360.0","9428673.0","1.274786181E9"
"2020/04/21","1879.38","-18.98","-1.00","1886.78","1898.32","1841.66","1174294.0","1.3863164E7","1.263694526E9"
"2020/04/20","1898.36","-16.17","-0.84","1908.34","1925.25","1893.17","1087463.0","1.1915932E7","1.276932686E9"
"2020/04/17","1914.53","57.46","3.09","1893.31","1926.02","1893.19","1667460.0","1.4127722E7","1.287911931E9"
"2020/04/16","1857.07","-0.01","0.00","1839.51","1862.23","1828.13","878338.0","1.0710793E7","1.248881506E9"
"2020/04/14","1857.08","31.32","1.72","1846.41","1864.46","1837.17","886766.0","9995854.0","1.248940314E9"
"2020/04/13","1825.76","-34.94","-1.88","1853.30","1853.30","1825.76","1017752.0","9516704.0","1.228226158E9"
"2020/04/10","1860.70","24.49","1.33","1835.76","1861.10","1824.43","992548.0","1.2009989E7","1.251445975E9"
"2020/04/09","1836.21","29.07","1.61","1838.09","1839.33","1818.30","920571.0","1.0517359E7","1.235327684E9"
"2020/04/08","1807.14","-16.46","-0.90","1815.75","1842.16","1801.80","907494.0","1.1126542E7","1.215858624E9"
"2020/04/07","1823.60","31.72","1.77","1826.72","1838.97","1791.92","951739.0","1.1628936E7","1.226518732E9"
"2020/04/06","1791.88","66.44","3.85","1745.25","1794.19","1742.67","1219389.0","1.0957483E7","1.205000552E9"
"2020/04/03","1725.44","0.58","0.03","1731.17","1743.91","1706.68","1000087.0","1.0153714E7","1.160743273E9"
"2020/04/02","1724.86","39.40","2.34","1693.53","1726.76","1664.13","766313.0","1.0152245E7","1.159987256E9"
"2020/04/01","1685.46","-69.18","-3.94","1737.28","1762.44","1685.37","1243591.0","1.2110507E7","1.133944054E9"
"2020/03/31","1754.64","37.52","2.19","1739.29","1757.81","1722.62","1037488.0","1.3905369E7","1.179728723E9"
"2020/03/30","1717.12","-0.61","-0.04","1670.34","1729.63","1659.95","767777.0","9081050.0","1.155630477E9"
"2020/03/27","1717.73","31.49","1.87","1756.07","1759.05","1668.21","1077527.0","1.2851933E7","1.156581472E9"
"2020/03/26","1686.24","-18.52","-1.09","1699.11","1735.75","1679.23","992474.0","1.2374198E7","1.135741554E9"
"2020/03/25","1704.76","94.79","5.89","1668.19","1707.64","1645.28","872809.0","1.2612288E7","1.147712135E9"
"2020/03/24","1609.97","127.51","8.60","1523.69","1609.97","1508.68","679288.0","1.0481448E7","1.083695461E9"
"2020/03/23","1482.46","-83.69","-5.34","1474.45","1516.75","1458.41","647528.0","9645272.0","9.98450498E8"
"2020/03/20","1566.15","108.51","7.44","1498.49","1566.82","1466.48","817021.0","1.063297E7","1.054892888E9"
"2020/03/19","1457.64","-133.56","-8.39","1626.09","1626.09","1439.43","977675.0","1.1932492E7","9.82169749E8"
"2020/03/18","1591.20","-81.24","-4.86","1686.12","1693.95","1591.12","728008.0","9576387.0","1.071788837E9"
"2020/03/17","1672.44","-42.42","-2.47","1640.84","1722.97","1637.88","649779.0","9709077.0","1.126202984E9"
"2020/03/16","1714.86","-56.58","-3.19","1805.43","1805.43","1714.38","682004.0","8593833.0","1.155216111E9"
"2020/03/13","1771.44","-62.89","-3.43","1722.68","1809.31","1680.60","1035278.0","1.3376938E7","1.193686837E9"
"2020/03/12","1834.33","-73.94","-3.87","1887.97","1897.23","1808.56","850345.0","1.1309953E7","1.235351152E9"
"2020/03/11","1908.27","-54.66","-2.78","1965.67","1967.70","1898.27","679716.0","8598097.0","1.284895601E9"
"2020/03/10","1962.93","8.16","0.42","1942.85","1968.17","1934.72","638564.0","9133693.0","1.321480461E9"
"2020/03/09","1954.77","-85.45","-4.19","1981.02","1989.50","1946.90","666868.0","8796944.0","1.316427699E9"
"2020/03/06","2040.22","-45.04","-2.16","2053.09","2062.57","2032.13","865588.0","7233538.0","1.373917955E9"
"2020/03/05","2085.26","25.93","1.26","2078.11","2089.08","2059.99","675205.0","7954349.0","1.404684362E9"
"2020/03/04","2059.33","45.18","2.24","2005.81","2063.59","2005.81","606287.0","7829193.0","1.386938608E9"
"2020/03/03","2014.15","11.64","0.58","2051.85","2051.85","2009.39","615693.0","8687847.0","1.35617646E9"
"2020/03/02","2002.51","15.50","0.78","1997.03","2017.07","1969.34","528103.0","7811003.0","1.348109552E9"
"2020/02/28","1987.01","-67.88","-3.30","2020.17","2031.01","1980.82","671552.0","9927960.0","1.337716963E9"
"2020/02/27","2054.89","-21.88","-1.05","2073.87","2085.40","2049.15","562775.0","7241174.0","1.383776361E9"
"2020/02/26","2076.77","-26.84","-1.28","2064.07","2089.64","2059.13","810938.0","8060327.0","1.398569206E9"
"2020/02/25","2103.61","24.57","1.18","2075.55","2105.49","2071.50","1565588.0","8952278.0","1.417275415E9"
"2020/02/24","2079.04","-83.80","-3.87","2114.04","2120.06","2079.03","948621.0","9315475.0","1.400516368E9"
"2020/02/21","2162.84","-32.66","-1.49","2165.65","2184.43","2160.28","635474.0","7105856.0","1.456692607E9"
"2020/02/20","2195.50","-14.84","-0.67","2223.55","2228.18","2186.72","709564.0","7677672.0","1.478574048E9"
"2020/02/19","2210.34","1.46","0.07","2222.51","2226.00","2191.20","591155.0","7107034.0","1.488454959E9"
"2020/02/18","2208.88","-33.29","-1.48","2225.98","2232.93","2205.21","470425.0","6411451.0","1.487436221E9"
"2020/02/17","2242.17","-1.42","-0.06","2243.07","2250.05","2230.26","458248.0","5639201.0","1.510109679E9"
"2020/02/14","2243.59","10.63","0.48","2232.71","2251.50","2221.90","597224.0","6379565.0","1.511254623E9"
"2020/02/13","2232.96","-5.42","-0.24","2245.72","2255.49","2230.30","638666.0","8121197.0","1.505295817E9"
"2020/02/12","2238.38","15.26","0.69","2225.95","2242.24","2214.77","632463.0","6892198.0","1.508346242E9"
"2020/02/11","2223.12","22.05","1.00","2213.50","2233.32","2211.25","526211.0","6611195.0","1.498338522E9"
"2020/02/10","2201.07","-10.88","-0.49","2185.63","2203.39","2180.51","609566.0","5471061.0","1.483846707E9"
"2020/02/07","2211.95","-15.99","-0.72","2221.49","2223.92","2198.14","800342.0","8813174.0","1.491013321E9"
"2020/02/06","2227.94","62.31","2.88","2184.77","2229.99","2182.25","695216.0","8334738.0","1.501460506E9"
"2020/02/05","2165.63","7.73","0.36","2177.26","2181.52","2154.88","574396.0","7736275.0","1.460243895E9"
"2020/02/04","2157.90","39.02","1.84","2121.22","2162.32","2120.53","624642.0","7791178.0","1.454235584E9"
"2020/02/03","2118.88","-0.13","-0.01","2086.61","2126.73","2082.74","836700.0","8068704.0","1.427133302E9"
"2020/01/31","2119.01","-28.99","-1.35","2160.60","2167.23","2119.01","710508.0","7226687.0","1.427047755E9"
"2020/01/30","2148.00","-37.28","-1.71","2181.54","2187.45","2139.72","602838.0","7105203.0","1.446505817E9"
"2020/01/29","2185.28","8.56","0.39","2188.18","2195.45","2172.33","692301.0","6589950.0","1.472171522E9"
"2020/01/28","2176.72","-69.41","-3.09","2192.22","2199.93","2166.23","808879.0","8818232.0","1.466083103E9"
"2020/01/23","2246.13","-21.12","-0.93","2254.54","2260.63","2241.94","509609.0","6790104.0","1.512629062E9"
"2020/01/22","2267.25","27.56","1.23","2238.53","2269.27","2235.13","608510.0","6365617.0","1.526798959E9"
"2020/01/21","2239.69","-22.95","-1.01","2259.81","2266.31","2238.25","770320.0","5569551.0","1.508408628E9"
"2020/01/20","2262.64","12.07","0.54","2261.40","2277.23","2258.09","545491.0","5950403.0","1.524384084E9"
"2020/01/17","2250.57","2.52","0.11","2261.57","2268.71","2245.58","580816.0","5444384.0","1.515299754E9"
"2020/01/16","2248.05","17.07","0.77","2231.93","2249.09","2225.41","808332.0","6204474.0","1.513149909E9"
"2020/01/15","2230.98","-7.90","-0.35","2229.80","2238.21","2223.39","746156.0","5946351.0","1.501047629E9"
"2020/01/14","2238.88","9.62","0.43","2243.06","2250.79","2232.94","835899.0","7294228.0","1.506534496E9"
"2020/01/13","2229.26","22.87","1.04","2204.49","2230.43","2204.49","488289.0","6214780.0","1.499967181E9"
"2020/01/10","2206.39","19.94","0.91","2189.48","2206.92","2188.10","594537.0","6459300.0","1.484063381E9"
"2020/01/09","2186.45","35.14","1.63","2182.20","2186.45","2172.16","592604.0","7261591.0","1.470805019E9"
"2020/01/08","2151.31","-24.23","-1.11","2156.27","2162.32","2137.72","913831.0","8750722.0","1.446631314E9"
"2020/01/07","2175.54","20.47","0.95","2166.60","2181.62","2164.27","568236.0","5143512.0","1.462298814E9"
"2020/01/06","2155.07","-21.39","-0.98","2154.97","2164.42","2149.95","592671.0","5156541.0","1.448385085E9"
"2020/01/03","2176.46","1.29","0.06","2192.58","2203.38","2165.39","631563.0","5763663.0","1.462298972E9"
"2020/01/02","2175.17","-22.50","-1.02","2201.21","2202.32","2171.84","494678.0","4638167.0","1.461424794E9"