일자,종가,대비,등락률,시가,고가,저가,거래량,거래대금,상장시가총액
2022-04-27,2639.06,-29.25,-1.1,2630.58,2641.82,2615.5,1072367,1.26E+07,2.07E+09
2022-04-26,2668.31,11.18,0.42,2674,2678.05,2663.83,889942,1.08E+07,2.09E+09
2022-04-25,2657.13,-47.58,-1.76,2676.67,2680.35,2657.04,1018005,1.17E+07,2.09E+09
2022-04-22,2704.71,-23.5,-0.86,2704.72,2708.58,2690.48,1239910,1.21E+07,2.12E+09
2022-04-21,2728.21,9.52,0.35,2725.71,2737.54,2725.04,1002973,1.15E+07,2.14E+09
2022-04-20,2718.69,-0.2,-0.01,2718.49,2724.46,2702.84,1736283,1.23E+07,2.13E+09
2022-04-19,2718.89,25.68,0.95,2707.76,2723.98,2705.32,1257385,9779975,2.13E+09
2022-04-18,2693.21,-2.85,-0.11,2685.04,2701.11,2681.37,1024915,9050332,2.11E+09
2022-04-15,2696.06,-20.65,-0.76,2695.52,2705.41,2685.01,693718,9570268,2.11E+09
2022-04-14,2716.71,0.22,0.01,2719.34,2720.3,2702.61,665351,1.14E+07,2.13E+09
2022-04-13,2716.49,49.73,1.86,2677.53,2717.63,2672.6,733241,9645446,2.13E+09
2022-04-12,2666.76,-26.34,-0.98,2674.17,2685.08,2658.4,870970,9853720,2.09E+09
2022-04-11,2693.1,-7.29,-0.27,2687.54,2711.02,2683.96,742602,8831630,2.11E+09
2022-04-08,2700.39,4.53,0.17,2706.64,2712,2685.52,948355,1.03E+07,2.12E+09
2022-04-07,2695.86,-39.17,-1.43,2714.7,2718.5,2693.36,999276,1.23E+07,2.12E+09
2022-04-06,2735.03,-24.17,-0.88,2739.07,2747.85,2730.66,1321645,1.10E+07,2.15E+09
2022-04-05,2759.2,1.3,0.05,2765.5,2769.18,2750.5,1605994,9933181,2.17E+09
2022-04-04,2757.9,18.05,0.66,2729.86,2758.38,2722.45,1022971,9744918,2.16E+09
2022-04-01,2739.85,-17.8,-0.65,2745.85,2745.85,2729.68,1305564,1.07E+07,2.15E+09
2022-03-31,2757.65,10.91,0.4,2743.24,2765.2,2743.2,1030289,9729367,2.16E+09
2022-03-30,2746.74,5.67,0.21,2758.31,2760.6,2740.02,840134,1.11E+07,2.16E+09
2022-03-29,2741.07,11.51,0.42,2745.62,2754.18,2733.22,732159,1.00E+07,2.15E+09
2022-03-28,2729.56,-0.42,-0.02,2721.22,2737.46,2707.74,768043,9801744,2.14E+09
2022-03-25,2729.98,0.32,0.01,2740.83,2740.95,2722.36,602771,1.08E+07,2.14E+09
2022-03-24,2729.66,-5.39,-0.2,2716.25,2729.66,2705.14,960898,1.32E+07,2.14E+09
2022-03-23,2735.05,25.05,0.92,2727.12,2742.27,2720.83,883376,1.18E+07,2.15E+09
2022-03-22,2710,23.95,0.89,2686.68,2712.14,2686.58,489442,9367506,2.13E+09
2022-03-21,2686.05,-20.97,-0.77,2717.81,2717.81,2683.69,502402,8693850,2.11E+09
2022-03-18,2707.02,12.51,0.46,2695.64,2708.16,2688.71,644017,1.14E+07,2.13E+09
2022-03-17,2694.51,35.28,1.33,2703.27,2714,2694.51,546079,1.19E+07,2.12E+09
2022-03-16,2659.23,37.7,1.44,2649.85,2659.9,2630.03,736354,9310851,2.09E+09
2022-03-15,2621.53,-24.12,-0.91,2630.31,2641.97,2615.08,604182,9583002,2.06E+09
2022-03-14,2645.65,-15.63,-0.59,2654.93,2661.76,2633.31,636324,1.20E+07,2.08E+09
2022-03-11,2661.28,-19.04,-0.71,2665.95,2672.62,2647.28,797034,1.24E+07,2.09E+09
2022-03-10,2680.32,57.92,2.21,2660.86,2682.79,2660.86,613810,1.37E+07,2.11E+09
2022-03-08,2622.4,-28.91,-1.09,2617.33,2647.18,2605.81,540370,1.17E+07,2.06E+09
2022-03-07,2651.31,-62.12,-2.29,2680.17,2680.17,2644.1,571562,1.21E+07,2.08E+09
2022-03-04,2713.43,-33.65,-1.22,2736.58,2736.58,2702.34,765676,1.24E+07,2.13E+09
2022-03-03,2747.08,43.56,1.61,2729.86,2748.21,2726.35,614515,1.06E+07,2.16E+09
2022-03-02,2703.52,4.34,0.16,2698.31,2716.46,2692.24,527950,1.10E+07,2.12E+09
2022-02-28,2699.18,22.42,0.84,2663,2699.18,2658.25,613470,1.29E+07,2.12E+09
2022-02-25,2676.76,27.96,1.06,2678.47,2694.81,2665.96,664347,1.22E+07,2.10E+09
2022-02-24,2648.8,-70.73,-2.6,2689.28,2694.55,2642.63,926400,1.36E+07,2.08E+09
2022-02-23,2719.53,12.74,0.47,2727.43,2729.56,2705.31,537841,9138534,2.14E+09
2022-02-22,2706.79,-37.01,-1.35,2705.08,2721.84,2690.09,648401,1.06E+07,2.13E+09
2022-02-21,2743.8,-0.72,-0.03,2706.65,2746.62,2694.9,495301,7896734,2.16E+09
2022-02-18,2744.52,0.43,0.02,2714.52,2747.08,2711.88,513521,8508342,2.16E+09
2022-02-17,2744.09,14.41,0.53,2735.11,2770.66,2711.99,611422,1.18E+07,2.16E+09
2022-02-16,2729.68,53.14,1.99,2719.61,2730.43,2711.34,422366,8389883,2.15E+09
2022-02-15,2676.54,-27.94,-1.03,2712.45,2716.45,2665.47,589039,9435834,2.10E+09
2022-02-14,2704.48,-43.23,-1.57,2715.1,2724.72,2688.24,616343,1.16E+07,2.13E+09
2022-02-11,2747.71,-24.22,-0.87,2739.14,2766.7,2735.08,480520,1.10E+07,2.16E+09
2022-02-10,2771.93,3.08,0.11,2787.44,2788.27,2761.76,509611,1.28E+07,2.18E+09
2022-02-09,2768.85,22.38,0.81,2772.63,2773.38,2753.51,539124,1.03E+07,2.18E+09
2022-02-08,2746.47,1.41,0.05,2767.76,2779.85,2726.72,560534,1.18E+07,2.16E+09
2022-02-07,2745.06,-5.2,-0.19,2750.7,2750.7,2718.94,417838,1.13E+07,2.16E+09
2022-02-04,2750.26,42.44,1.57,2714.83,2751.8,2712.87,536149,1.14E+07,2.16E+09
2022-02-03,2707.82,44.48,1.67,2706.34,2735.34,2702.78,435710,1.25E+07,2.13E+09
2022-01-28,2663.34,48.85,1.87,2617.87,2668.59,2591.53,434187,1.38E+07,2.09E+09
2022-01-27,2614.49,-94.75,-3.5,2709.24,2722.86,2614.49,487727,2.05E+07,2.06E+09
2022-01-26,2709.24,-11.15,-0.41,2729.75,2744.14,2708.1,472651,8978727,2.01E+09
2022-01-25,2720.39,-71.61,-2.56,2786.41,2789.62,2703.99,639959,1.17E+07,2.02E+09
2022-01-24,2792,-42.29,-1.49,2823.76,2828.11,2780.68,473993,9304491,2.07E+09
2022-01-21,2834.29,-28.39,-0.99,2837.49,2847.95,2817.11,532753,1.07E+07,2.10E+09
2022-01-20,2862.68,20.4,0.72,2842.28,2862.7,2830.97,395669,8872018,2.12E+09
2022-01-19,2842.28,-21.96,-0.77,2840.34,2871.79,2832.18,463829,9649067,2.11E+09
2022-01-18,2864.24,-25.86,-0.89,2898.98,2902.79,2857.26,554041,1.00E+07,2.12E+09
2022-01-17,2890.1,-31.82,-1.09,2918.55,2919.67,2875.98,593261,1.04E+07,2.14E+09
2022-01-14,2921.92,-40.17,-1.36,2937.61,2944.97,2914.73,532668,1.08E+07,2.16E+09
2022-01-13,2962.09,-10.39,-0.35,2979.91,2982.14,2958.39,604871,1.15E+07,2.19E+09
2022-01-12,2972.48,45.1,1.54,2950.78,2972.58,2950.31,519501,1.09E+07,2.20E+09
2022-01-11,2927.38,0.66,0.02,2930.93,2943.57,2909.82,566172,1.06E+07,2.17E+09
2022-01-10,2926.72,-28.17,-0.95,2947.37,2951.12,2910.9,477400,1.04E+07,2.17E+09
2022-01-07,2954.89,34.36,1.18,2933.78,2959.03,2933.1,546172,1.06E+07,2.19E+09
2022-01-06,2920.53,-33.44,-1.13,2925.4,2952.54,2915.38,786045,1.33E+07,2.16E+09
2022-01-05,2953.97,-35.27,-1.18,2984.05,2986.2,2936.73,787346,1.54E+07,2.19E+09
2022-01-04,2989.24,0.47,0.02,2991.97,2995.25,2973.08,621549,9991474,2.21E+09
2022-01-03,2988.77,11.12,0.37,2998.32,3010.77,2979.42,435826,8193887,2.21E+09
2021-12-30,2977.65,-15.64,-0.52,2999.75,3005.36,2975.74,461038,8727458,2.20E+09
2021-12-29,2993.29,-26.95,-0.89,3002.9,3007.72,2988.67,545832,1.09E+07,2.22E+09
2021-12-28,3020.24,20.69,0.69,3006.77,3020.29,2991.55,607046,1.21E+07,2.24E+09
2021-12-27,2999.55,-12.88,-0.43,3013.94,3017.31,2999.3,475363,8280395,2.22E+09
2021-12-24,3012.43,14.26,0.48,3009.48,3025.77,3009.48,537548,8583473,2.23E+09
2021-12-23,2998.17,13.69,0.46,2998.02,3000.7,2980.91,483839,9319627,2.22E+09
2021-12-22,2984.48,9.45,0.32,2993.5,3000.79,2976.65,461755,8835650,2.21E+09
2021-12-21,2975.03,12.03,0.41,2981.67,2984.56,2955.9,410980,9108501,2.20E+09
2021-12-20,2963,-54.73,-1.81,3001.33,3001.33,2962.07,377585,8621306,2.19E+09
2021-12-17,3017.73,11.32,0.38,2985.2,3017.73,2984.19,451824,1.17E+07,2.23E+09
2021-12-16,3006.41,17.02,0.57,3013.26,3018.2,2989.63,402825,8524314,2.22E+09
2021-12-15,2989.39,1.44,0.05,2979.83,2992.3,2973,432874,8253059,2.21E+09
2021-12-14,2987.95,-13.71,-0.46,2983.95,3001.7,2976.16,581570,9856790,2.21E+09
2021-12-13,3001.66,-8.57,-0.28,3019.67,3043.83,3000.51,375828,8629449,2.22E+09
2021-12-10,3010.23,-19.34,-0.64,3008.7,3017.64,2998.29,451599,8434891,2.23E+09
2021-12-09,3029.57,27.77,0.93,3007,3029.57,3001.55,513446,1.26E+07,2.24E+09
2021-12-08,3001.8,10.08,0.34,3017.93,3036.13,2995.34,488246,1.11E+07,2.22E+09
2021-12-07,2991.72,18.47,0.62,2973.84,2992.31,2960.9,541370,1.02E+07,2.21E+09
2021-12-06,2973.25,4.92,0.17,2954.82,2983.5,2932.49,479908,9657402,2.20E+09
2021-12-03,2968.33,23.06,0.78,2935.93,2975.44,2927.55,486749,1.03E+07,2.19E+09
2021-12-02,2945.27,45.55,1.57,2874.64,2945.27,2874.64,534462,1.19E+07,2.18E+09
2021-12-01,2899.72,60.71,2.14,2860.12,2905.74,2837.03,563927,1.25E+07,2.14E+09
2021-11-30,2839.01,-70.31,-2.42,2932.71,2942.93,2822.73,983556,1.99E+07,2.10E+09
2021-11-29,2909.32,-27.12,-0.92,2906.15,2930.22,2890.78,844400,1.31E+07,2.15E+09
2021-11-26,2936.44,-43.83,-1.47,2973.04,2985.77,2930.31,595598,1.19E+07,2.17E+09
2021-11-25,2980.27,-14.02,-0.47,2996.74,2996.74,2973.24,595970,9401091,2.20E+09
2021-11-24,2994.29,-3.04,-0.1,3006.34,3017.9,2981.02,556640,1.10E+07,2.21E+09
2021-11-23,2997.33,-15.92,-0.53,3013.16,3016.36,2992.14,524233,1.08E+07,2.21E+09
2021-11-22,3013.25,42.23,1.42,2983.38,3018.01,2980.73,530959,1.29E+07,2.23E+09
2021-11-19,2971.02,23.64,0.8,2951.06,2974.64,2948.07,657094,1.10E+07,2.19E+09
2021-11-18,2947.38,-15.04,-0.51,2959.26,2964.48,2937.53,541653,1.01E+07,2.17E+09
2021-11-17,2962.42,-34.79,-1.16,3004.02,3004.67,2957.7,541490,1.07E+07,2.18E+09
2021-11-16,2997.21,-2.31,-0.08,2995.68,3011.88,2985.34,579646,1.11E+07,2.21E+09
2021-11-15,2999.52,30.72,1.03,2989.68,3003.71,2979.96,639396,1.14E+07,2.21E+09
2021-11-12,2968.8,43.88,1.5,2945.95,2973.84,2938.27,665733,1.25E+07,2.19E+09
2021-11-11,2924.92,-5.25,-0.18,2911.41,2925.19,2903.72,572859,1.35E+07,2.15E+09
2021-11-10,2930.17,-32.29,-1.09,2947.46,2958.61,2924.36,570932,9663221,2.16E+09
2021-11-09,2962.46,2.26,0.08,2958.15,2987.28,2949.17,708773,9684977,2.18E+09
2021-11-08,2960.2,-9.07,-0.31,2965.36,2968.18,2930.9,560205,1.04E+07,2.18E+09
2021-11-05,2969.27,-13.95,-0.47,3003.53,3003.53,2953.96,688028,1.27E+07,2.19E+09
2021-11-04,2983.22,7.51,0.25,3000.92,3011.56,2978.07,772024,1.47E+07,2.20E+09
2021-11-03,2975.71,-37.78,-1.25,3020.36,3020.87,2969.01,658648,1.24E+07,2.19E+09
2021-11-02,3013.49,34.55,1.16,2995.58,3034.3,2995.58,525853,9662968,2.19E+09
2021-11-01,2978.94,8.26,0.28,2984.18,2991.81,2976.87,475382,9410799,2.17E+09
2021-10-29,2970.68,-38.87,-1.29,3025.67,3030.17,2965.4,545834,1.10E+07,2.16E+09
2021-10-28,3009.55,-15.94,-0.53,3023.17,3034.42,3009.55,617257,1.24E+07,2.19E+09
2021-10-27,3025.49,-23.59,-0.77,3045.83,3049.02,3019,607875,1.02E+07,2.20E+09
2021-10-26,3049.08,28.54,0.94,3039.82,3051.65,3030.53,564560,9512682,2.22E+09
2021-10-25,3020.54,14.38,0.48,3001.1,3025.27,2983.29,791796,1.05E+07,2.19E+09
2021-10-22,3006.16,-1.17,-0.04,3005.36,3018.7,2996.26,695273,9047263,2.18E+09
2021-10-21,3007.33,-5.8,-0.19,3012.28,3025.88,3002.74,887370,1.06E+07,2.19E+09
2021-10-20,3013.13,-15.91,-0.53,3043.13,3047.24,3012.97,680327,1.12E+07,2.19E+09
2021-10-19,3029.04,22.36,0.74,3022.23,3034.53,3014.19,845704,1.01E+07,2.20E+09
2021-10-18,3006.68,-8.38,-0.28,3017.48,3021.17,2990.44,926369,1.06E+07,2.19E+09
2021-10-15,3015.06,26.42,0.88,3012.62,3021.9,2999.33,857798,1.25E+07,2.19E+09
2021-10-14,2988.64,44.23,1.5,2968.87,2988.97,2962.33,617170,1.21E+07,2.17E+09
2021-10-13,2944.41,28.03,0.96,2913.34,2953.33,2909.47,752132,1.23E+07,2.14E+09
2021-10-12,2916.38,-39.92,-1.35,2950.22,2950.94,2901.51,660181,1.28E+07,2.12E+09
2021-10-08,2956.3,-3.16,-0.11,2977.82,2978.08,2949.01,668947,1.26E+07,2.15E+09
2021-10-07,2959.46,51.15,1.76,2936.87,2961.53,2927.6,595382,1.19E+07,2.15E+09
2021-10-06,2908.31,-53.86,-1.82,2986.06,2993.47,2908.3,901722,1.57E+07,2.11E+09
2021-10-05,2962.17,-57.01,-1.89,2998.17,2998.17,2940.59,840557,1.53E+07,2.15E+09
2021-10-01,3019.18,-49.64,-1.62,3056.21,3062.6,3015.01,855482,1.29E+07,2.20E+09
2021-09-30,3068.82,8.55,0.28,3054.87,3079.43,3046.43,885819,1.49E+07,2.23E+09
2021-09-29,3060.27,-37.65,-1.22,3055.5,3069.04,3030.6,821558,1.51E+07,2.23E+09
2021-09-28,3097.92,-35.72,-1.14,3133.4,3134.46,3095.72,894913,1.47E+07,2.25E+09
2021-09-27,3133.64,8.4,0.27,3121.7,3146.35,3119.26,883229,1.23E+07,2.28E+09
2021-09-24,3125.24,-2.34,-0.07,3140.73,3146.86,3119.4,753222,1.26E+07,2.27E+09
2021-09-23,3127.58,-12.93,-0.41,3123.64,3131.63,3107.98,623841,1.40E+07,2.28E+09
2021-09-17,3140.51,10.42,0.33,3127.75,3142.13,3112.51,589244,1.49E+07,2.28E+09
2021-09-16,3130.09,-23.31,-0.74,3165.38,3167.68,3126.65,612873,1.23E+07,2.27E+09
2021-09-15,3153.4,4.57,0.15,3147.21,3164.01,3138.8,616557,1.22E+07,2.28E+09
2021-09-14,3148.83,20.97,0.67,3137.32,3164.31,3137.32,713227,1.58E+07,2.28E+09
2021-09-13,3127.86,2.1,0.07,3117.35,3139.13,3109.01,732270,1.35E+07,2.26E+09
2021-09-10,3125.76,11.06,0.36,3121.09,3131.54,3103.38,723085,1.36E+07,2.26E+09
2021-09-09,3114.7,-48.29,-1.53,3146.64,3158.6,3111.49,927369,1.78E+07,2.26E+09
2021-09-08,3162.99,-24.43,-0.77,3178.74,3187.55,3157.07,859889,1.73E+07,2.29E+09
2021-09-07,3187.42,-15.91,-0.5,3200.07,3201.76,3176.81,760160,1.19E+07,2.31E+09
2021-09-06,3203.33,2.27,0.07,3196.3,3206.25,3186.79,726190,1.23E+07,2.32E+09
2021-09-03,3201.06,25.21,0.79,3189.71,3203.08,3181.64,641510,1.31E+07,2.32E+09
2021-09-02,3175.85,-31.17,-0.97,3198.03,3204.01,3171.78,757860,1.54E+07,2.30E+09
2021-09-01,3207.02,7.75,0.24,3195.67,3215.13,3185.8,746705,1.35E+07,2.32E+09
2021-08-31,3199.27,55.08,1.75,3144.49,3199.89,3130.3,661221,1.59E+07,2.31E+09
2021-08-30,3144.19,10.29,0.33,3160.87,3164.87,3132.77,602858,1.18E+07,2.27E+09
2021-08-27,3133.9,5.37,0.17,3116.29,3143.01,3106.97,520669,1.10E+07,2.26E+09
2021-08-26,3128.53,-18.28,-0.58,3151.3,3159.37,3121.04,727719,1.33E+07,2.26E+09
2021-08-25,3146.81,8.51,0.27,3148.13,3161,3124.25,624688,1.34E+07,2.27E+09
2021-08-24,3138.3,48.09,1.56,3119.7,3142.58,3115.23,586535,1.49E+07,2.27E+09
2021-08-23,3090.21,29.7,0.97,3086.81,3111.81,3064.65,570980,1.34E+07,2.23E+09
2021-08-20,3060.51,-37.32,-1.2,3111.1,3122.09,3049.03,672088,1.65E+07,2.21E+09
2021-08-19,3097.83,-61.1,-1.93,3140.01,3158,3097.83,655629,1.72E+07,2.24E+09
2021-08-18,3158.93,15.84,0.5,3141.98,3175.88,3124.56,622792,1.68E+07,2.28E+09
2021-08-17,3143.09,-28.2,-0.89,3169.74,3179.49,3134.48,690842,2.22E+07,2.27E+09
2021-08-13,3171.29,-37.09,-1.16,3205.75,3209.72,3146.76,696468,2.02E+07,2.29E+09
2021-08-12,3208.38,-12.24,-0.38,3213.58,3229.59,3202.11,643283,2.04E+07,2.31E+09
2021-08-11,3220.62,-22.57,-0.7,3235.36,3250.21,3217.65,618093,1.92E+07,2.32E+09
2021-08-10,3243.19,-17.23,-0.53,3272.44,3272.44,3232.46,730349,2.17E+07,2.34E+09
2021-08-09,3260.42,-9.94,-0.3,3258.1,3275.15,3251.74,707654,1.57E+07,2.33E+09
2021-08-06,3270.36,-5.77,-0.18,3277.06,3288.17,3261.93,941361,1.55E+07,2.33E+09
2021-08-05,3276.13,-4.25,-0.13,3283.25,3296.17,3273.33,680941,1.19E+07,2.31E+09
2021-08-04,3280.38,43.24,1.34,3246.65,3283.14,3237.55,632242,1.24E+07,2.31E+09
2021-08-03,3237.14,14.1,0.44,3221.57,3237.14,3213.2,653513,1.25E+07,2.28E+09
2021-08-02,3223.04,20.72,0.65,3218.42,3223.04,3194,561003,1.02E+07,2.27E+09
2021-07-30,3202.32,-40.33,-1.24,3234.37,3234.66,3202.32,687861,1.28E+07,2.25E+09
2021-07-29,3242.65,5.79,0.18,3248.49,3252.26,3232.5,694823,1.05E+07,2.28E+09
2021-07-28,3236.86,4.33,0.13,3226.06,3243.21,3210.9,868603,1.20E+07,2.28E+09
2021-07-27,3232.53,7.58,0.24,3244.43,3252.85,3230.75,991939,1.23E+07,2.27E+09
2021-07-26,3224.95,-29.47,-0.91,3265.99,3265.99,3224.95,826067,1.22E+07,2.27E+09
2021-07-23,3254.42,4.21,0.13,3253.44,3264.01,3246.09,805048,1.32E+07,2.29E+09
2021-07-22,3250.21,34.3,1.07,3235.17,3253.75,3235.17,712983,1.30E+07,2.29E+09
2021-07-21,3215.91,-16.79,-0.52,3251.13,3252.25,3215.91,990327,1.49E+07,2.26E+09
2021-07-20,3232.7,-11.34,-0.35,3223.24,3234.8,3214.42,979670,1.53E+07,2.27E+09
2021-07-19,3244.04,-32.87,-1,3258.87,3258.87,3236.39,1095559,1.29E+07,2.28E+09
2021-07-16,3276.91,-9.31,-0.28,3282.89,3282.89,3259.32,1066507,1.48E+07,2.30E+09
2021-07-15,3286.22,21.41,0.66,3269.33,3286.58,3263.09,1172431,1.37E+07,2.30E+09
2021-07-14,3264.81,-6.57,-0.2,3270.09,3270.09,3250.45,908954,1.30E+07,2.29E+09
2021-07-13,3271.38,24.91,0.77,3253.24,3273.9,3253.24,1150101,1.35E+07,2.29E+09
2021-07-12,3246.47,28.52,0.89,3227.51,3251.45,3227.51,1135043,1.13E+07,2.27E+09
2021-07-09,3217.95,-34.73,-1.07,3245.52,3245.52,3188.8,1308365,1.65E+07,2.25E+09
2021-07-08,3252.68,-32.66,-0.99,3287.68,3295.71,3252.41,1516034,1.69E+07,2.28E+09
2021-07-07,3285.34,-19.87,-0.6,3303.59,3303.59,3277.66,1147641,1.45E+07,2.30E+09
2021-07-06,3305.21,12,0.36,3295.44,3313.51,3295.44,1029465,1.47E+07,2.31E+09
2021-07-05,3293.21,11.43,0.35,3285.29,3298.93,3285.29,850406,1.45E+07,2.31E+09
2021-07-02,3281.78,-0.28,-0.01,3282.81,3295.68,3278.19,1019998,1.54E+07,2.30E+09
2021-07-01,3282.06,-14.62,-0.44,3297.92,3300.12,3278.1,1159231,1.61E+07,2.30E+09
2021-06-30,3296.68,10,0.3,3288.63,3305.73,3288.63,1610376,1.56E+07,2.31E+09
2021-06-29,3286.68,-15.21,-0.46,3305.26,3305.42,3276.63,1213047,1.55E+07,2.30E+09
2021-06-28,3301.89,-0.95,-0.03,3305.46,3311.69,3291.3,1428764,1.38E+07,2.31E+09
2021-06-25,3302.84,16.74,0.51,3289.18,3316.08,3289.18,1198188,1.86E+07,2.31E+09
2021-06-24,3286.1,9.91,0.3,3281.47,3292.27,3277.85,1301271,2.14E+07,2.30E+09
2021-06-23,3276.19,12.31,0.38,3265.73,3281.88,3263.07,1069175,1.79E+07,2.29E+09
2021-06-22,3263.88,23.09,0.71,3245.79,3267.63,3245.79,1666697,1.55E+07,2.28E+09
2021-06-21,3240.79,-27.14,-0.83,3264.18,3264.18,3225.56,1508634,1.73E+07,2.27E+09
2021-06-18,3267.93,2.97,0.09,3265.68,3275.76,3262.58,1627658,1.75E+07,2.29E+09
2021-06-17,3264.96,-13.72,-0.42,3276.2,3276.2,3251.32,1848671,1.47E+07,2.28E+09
2021-06-16,3278.68,20.05,0.62,3259.06,3281.96,3256.68,2345811,1.63E+07,2.29E+09
2021-06-15,3258.63,6.5,0.2,3253.17,3262.8,3247.9,1734497,1.48E+07,2.28E+09
2021-06-14,3252.13,2.81,0.09,3249.6,3254.49,3238.51,1664527,1.53E+07,2.27E+09
2021-06-11,3249.32,24.68,0.77,3226.98,3251.58,3226.98,1645509,1.80E+07,2.27E+09
2021-06-10,3224.64,8.46,0.26,3216.94,3235.39,3210.31,1896766,1.92E+07,2.26E+09
2021-06-09,3216.18,-31.65,-0.97,3245.08,3246.49,3216.18,1964923,1.72E+07,2.25E+09
2021-06-08,3247.83,-4.29,-0.13,3251.83,3264.67,3242.56,1951319,1.94E+07,2.27E+09
2021-06-07,3252.12,12.04,0.37,3244.59,3264.41,3233.4,1733348,1.90E+07,2.27E+09
2021-06-04,3240.08,-7.35,-0.23,3246.17,3246.19,3218.67,1392320,1.61E+07,2.27E+09
2021-06-03,3247.43,23.2,0.72,3224.96,3258.5,3224.96,1584799,1.69E+07,2.27E+09
2021-06-02,3224.23,2.36,0.07,3224.4,3241.07,3216.1,1495671,1.77E+07,2.25E+09
2021-06-01,3221.87,17.95,0.56,3207.12,3233.17,3199.18,1472571,1.53E+07,2.25E+09
2021-05-31,3203.92,15.19,0.48,3192.06,3204.29,3179.87,1123525,1.40E+07,2.24E+09
2021-05-28,3188.73,23.22,0.73,3172.09,3198.66,3171.85,966368,1.35E+07,2.23E+09
2021-05-27,3165.51,-2.92,-0.09,3170.84,3173.86,3142.37,1082006,2.07E+07,2.21E+09
2021-05-26,3168.43,-2.89,-0.09,3171.91,3183.97,3160.3,1269999,1.32E+07,2.22E+09
2021-05-25,3171.32,27.02,0.86,3152.93,3173.1,3148.3,612977,1.17E+07,2.22E+09
2021-05-24,3144.3,-12.12,-0.38,3155.91,3163.27,3137.81,587968,1.16E+07,2.20E+09
2021-05-21,3156.42,-5.86,-0.19,3171.91,3198.01,3149.46,797262,1.48E+07,2.21E+09
2021-05-20,3162.28,-10.77,-0.34,3174.53,3174.53,3140.48,774252,1.37E+07,2.22E+09
2021-05-18,3173.05,38.53,1.23,3135.38,3176.4,3135.38,786143,1.39E+07,2.22E+09
2021-05-17,3134.52,-18.8,-0.6,3163.21,3173.01,3121.32,771306,1.46E+07,2.20E+09
2021-05-14,3153.32,31.21,1,3131.35,3162.31,3131.35,836404,1.45E+07,2.21E+09
2021-05-13,3122.11,-39.55,-1.25,3146.97,3161.93,3103.88,1095948,2.11E+07,2.19E+09
2021-05-12,3161.66,-47.77,-1.49,3209.36,3212.83,3138.04,1424059,2.25E+07,2.22E+09
2021-05-11,3209.43,-39.87,-1.23,3239.92,3239.92,3192.25,1096718,2.19E+07,2.25E+09
2021-05-10,3249.3,52.1,1.63,3201.46,3255.9,3201.46,1011267,1.72E+07,2.27E+09
2021-05-07,3197.2,18.46,0.58,3179.63,3205.11,3179.63,989680,1.52E+07,2.23E+09
2021-05-06,3178.74,31.37,1,3147.72,3178.74,3133.64,1239403,1.66E+07,2.22E+09
2021-05-04,3147.37,20.17,0.64,3131.39,3147.38,3109.78,1283830,1.60E+07,2.20E+09
2021-05-03,3127.2,-20.66,-0.66,3149.05,3174.26,3120.7,1041199,1.70E+07,2.18E+09
2021-04-30,3147.86,-26.21,-0.83,3176.43,3179.43,3143.38,1359455,1.92E+07,2.20E+09
2021-04-29,3174.07,-7.4,-0.23,3184.75,3200.41,3161.06,1222430,1.91E+07,2.21E+09
2021-04-28,3181.47,-33.95,-1.06,3217.21,3219.69,3176.55,1412621,1.84E+07,2.22E+09
2021-04-27,3215.42,-2.11,-0.07,3218.3,3223.05,3203.25,1534230,1.72E+07,2.24E+09
2021-04-26,3217.53,31.43,0.99,3191.34,3217.53,3191.34,1298330,1.58E+07,2.24E+09
2021-04-23,3186.1,8.58,0.27,3173.47,3188.7,3146.54,2253793,1.57E+07,2.22E+09
2021-04-22,3177.52,5.86,0.18,3174.52,3196.97,3174.52,1752692,1.49E+07,2.22E+09
2021-04-21,3171.66,-49.04,-1.52,3214.24,3214.24,3165.49,1767091,1.69E+07,2.21E+09
2021-04-20,3220.7,21.86,0.68,3198.31,3220.82,3195.96,1296160,1.45E+07,2.25E+09
2021-04-19,3198.84,0.22,0.01,3201.11,3214.45,3193.4,1060619,1.54E+07,2.23E+09
2021-04-16,3198.62,4.29,0.13,3194.08,3206.76,3185.67,985278,1.55E+07,2.23E+09
2021-04-15,3194.33,11.95,0.38,3180.73,3204.48,3178.99,1312992,1.77E+07,2.23E+09
2021-04-14,3182.38,13.3,0.42,3169.95,3188.32,3162.12,1776265,1.56E+07,2.22E+09
2021-04-13,3169.08,33.49,1.07,3138.21,3173.26,3136.99,1741348,1.64E+07,2.21E+09
2021-04-12,3135.59,3.71,0.12,3134.88,3147.27,3127.91,1048783,1.33E+07,2.19E+09
2021-04-09,3131.88,-11.38,-0.36,3146.51,3156.04,3125.24,1823162,1.51E+07,2.18E+09
2021-04-08,3143.26,5.85,0.19,3137.25,3145.81,3122.09,1357293,1.71E+07,2.19E+09
2021-04-07,3137.41,10.33,0.33,3129.07,3146.19,3125.33,1984774,1.45E+07,2.19E+09
2021-04-06,3127.08,6.25,0.2,3123.8,3139.29,3110.19,1279017,1.37E+07,2.18E+09
2021-04-05,3120.83,8.03,0.26,3121.23,3127.2,3101.86,1084792,1.30E+07,2.18E+09
2021-04-02,3112.8,25.4,0.82,3104.72,3121.58,3101.6,792705,1.34E+07,2.17E+09
2021-04-01,3087.4,25.98,0.85,3073.77,3090.88,3069.68,922680,1.40E+07,2.15E+09
2021-03-31,3061.42,-8.58,-0.28,3073.39,3093.89,3061.4,1146989,1.45E+07,2.13E+09
2021-03-30,3070,33.96,1.12,3038.44,3074.57,3038.44,1023075,1.41E+07,2.14E+09
2021-03-29,3036.04,-4.97,-0.16,3047.71,3054.21,3025.39,1288846,1.67E+07,2.12E+09
2021-03-26,3041.01,32.68,1.09,3012.79,3041.86,3012.79,1036383,1.58E+07,2.12E+09
2021-03-25,3008.33,11.98,0.4,2995.67,3024.63,2987.83,940354,1.34E+07,2.10E+09
2021-03-24,2996.35,-8.39,-0.28,2996.32,3006.54,2971.04,978431,1.34E+07,2.09E+09
2021-03-23,3004.74,-30.72,-1.01,3038.25,3058.79,3003.05,1331210,1.62E+07,2.09E+09
2021-03-22,3035.46,-4.07,-0.13,3040.01,3048.11,3019.6,915739,1.33E+07,2.11E+09
2021-03-19,3039.53,-26.48,-0.86,3063.01,3063.01,3022.49,1068468,1.63E+07,2.11E+09
2021-03-18,3066.01,18.51,0.61,3054.93,3090.19,3054.93,1232596,1.51E+07,2.13E+09
2021-03-17,3047.5,-19.67,-0.64,3067.76,3069.57,3027.2,814991,1.39E+07,2.10E+09
2021-03-16,3067.17,21.46,0.7,3049.23,3071.54,3049.23,1123922,1.29E+07,2.12E+09
2021-03-15,3045.71,-8.68,-0.28,3057.06,3065.17,3036.14,1161784,1.26E+07,2.10E+09
2021-03-12,3054.39,40.69,1.35,3030.73,3061.43,3030.73,1669085,1.31E+07,2.11E+09
2021-03-11,3013.7,55.58,1.88,2964.3,3028.37,2964.3,1349204,1.60E+07,2.08E+09
2021-03-10,2958.12,-18,-0.6,2980.76,3013.95,2951.53,905647,1.36E+07,2.04E+09
2021-03-09,2976.12,-19.99,-0.67,2989.96,3000.49,2929.36,1534218,1.84E+07,2.06E+09
2021-03-08,2996.11,-30.15,-1,3031.99,3055.65,2992.64,1928302,1.58E+07,2.07E+09
2021-03-05,3026.26,-17.23,-0.57,3036.16,3036.98,2982.45,1187226,1.68E+07,2.09E+09
2021-03-04,3043.49,-39.5,-1.28,3076.88,3076.88,3022.54,1278952,1.71E+07,2.10E+09
2021-03-03,3082.99,39.12,1.29,3041.2,3083.04,3029.37,2236688,1.47E+07,2.13E+09
2021-03-02,3043.87,30.92,1.03,3021.68,3096.5,3020.74,1749871,1.89E+07,2.10E+09
2021-02-26,3012.95,-86.74,-2.8,3089.49,3089.49,2988.28,1361310,2.15E+07,2.08E+09
2021-02-25,3099.69,104.71,3.5,3026.47,3099.8,3026.47,1280086,1.72E+07,2.14E+09
2021-02-24,2994.98,-75.11,-2.45,3070.58,3092.05,2993.46,1560931,2.15E+07,2.07E+09
2021-02-23,3070.09,-9.66,-0.31,3069.26,3094.29,3035.46,2357759,1.77E+07,2.12E+09
2021-02-22,3079.75,-27.87,-0.9,3114.03,3142.48,3079.16,1831956,1.82E+07,2.13E+09
2021-02-19,3107.62,20.96,0.68,3089.96,3109.67,3040.28,3455505,1.97E+07,2.15E+09
2021-02-18,3086.66,-47.07,-1.5,3131.74,3140.4,3086.66,1860567,1.81E+07,2.13E+09
2021-02-17,3133.73,-29.52,-0.93,3162.95,3162.95,3115.48,1784127,1.68E+07,2.16E+09
2021-02-16,3163.25,16.25,0.52,3151.85,3180.94,3145.84,1944396,1.72E+07,2.18E+09
2021-02-15,3147,46.42,1.5,3108.7,3156.56,3108.7,1604653,1.69E+07,2.17E+09
2021-02-10,3100.58,15.91,0.52,3088.13,3111.88,3064.25,2152917,1.83E+07,2.14E+09
2021-02-09,3084.67,-6.57,-0.21,3102.25,3129.66,3084.67,2145388,1.84E+07,2.13E+09
2021-02-08,3091.24,-29.39,-0.94,3113.63,3128.54,3085.59,1277207,1.93E+07,2.13E+09
2021-02-05,3120.63,33.08,1.07,3098.49,3124.62,3081.78,1193487,1.98E+07,2.15E+09
2021-02-04,3087.55,-42.13,-1.35,3135.02,3135.02,3068.46,1460946,2.06E+07,2.13E+09
2021-02-03,3129.68,32.87,1.06,3108.42,3142.26,3091.85,901789,2.24E+07,2.16E+09
2021-02-02,3096.81,40.28,1.32,3065.56,3138.95,3065.56,887314,1.91E+07,2.13E+09
2021-02-01,3056.53,80.32,2.7,2976.81,3056.87,2947.24,969262,2.07E+07,2.10E+09
2021-01-29,2976.21,-92.84,-3.03,3078.73,3100.22,2962.7,995071,2.44E+07,2.05E+09
2021-01-28,3069.05,-53.51,-1.71,3114.98,3114.98,3046.64,1310455,2.30E+07,2.12E+09
2021-01-27,3122.56,-17.75,-0.57,3143.46,3182.53,3118.89,924582,2.01E+07,2.15E+09
2021-01-26,3140.31,-68.68,-2.14,3203.96,3209.18,3132.67,873024,2.19E+07,2.17E+09
2021-01-25,3208.99,68.36,2.18,3144.01,3212.22,3142.8,1093653,2.12E+07,2.21E+09
2021-01-22,3140.63,-20.21,-0.64,3163.83,3185.26,3140.6,1111223,2.43E+07,2.17E+09
2021-01-21,3160.84,46.29,1.49,3123.27,3163.21,3123.27,1360065,2.53E+07,2.18E+09
2021-01-20,3114.55,21.89,0.71,3115.04,3145.01,3077.15,1192695,2.46E+07,2.15E+09
2021-01-19,3092.66,78.73,2.61,3013.05,3107,3011.32,1353312,2.42E+07,2.13E+09
2021-01-18,3013.93,-71.97,-2.33,3079.9,3079.9,3003.89,1472049,2.32E+07,2.08E+09
2021-01-15,3085.9,-64.03,-2.03,3153.84,3189.9,3085.9,1331079,2.32E+07,2.13E+09
2021-01-14,3149.93,1.64,0.05,3148.65,3159.03,3128.72,1233183,2.41E+07,2.17E+09
2021-01-13,3148.29,22.34,0.71,3128.26,3164.37,3109.63,1578042,2.47E+07,2.17E+09
2021-01-12,3125.95,-22.5,-0.71,3145.87,3154.79,3047.56,1390618,3.14E+07,2.16E+09
2021-01-11,3148.45,-3.73,-0.12,3161.9,3266.23,3096.19,1712526,4.44E+07,2.17E+09
2021-01-08,3152.18,120.5,3.97,3040.11,3161.11,3040.11,1297903,4.09E+07,2.17E+09
2021-01-07,3031.68,63.47,2.14,2980.75,3055.28,2980.75,1524655,2.72E+07,2.09E+09
2021-01-06,2968.21,-22.36,-0.75,2993.34,3027.16,2961.37,1793419,2.99E+07,2.04E+09
2021-01-05,2990.57,46.12,1.57,2943.67,2990.57,2921.84,1519912,2.65E+07,2.06E+09
2021-01-04,2944.45,70.98,2.47,2874.5,2946.54,2869.11,1026510,2.50E+07,2.03E+09
2020-12-30,2873.47,52.96,1.88,2820.36,2878.21,2809.35,1074033,1.79E+07,1.98E+09
2020-12-29,2820.51,11.91,0.42,2810.55,2823.44,2792.06,1046839,1.93E+07,1.94E+09
2020-12-28,2808.6,1.74,0.06,2820.95,2834.59,2799.56,1006250,2.42E+07,1.94E+09
2020-12-24,2806.86,47.04,1.7,2762.6,2812.16,2762.6,1030890,2.00E+07,1.94E+09
2020-12-23,2759.82,26.14,0.96,2737.74,2769.08,2716.28,1121347,2.03E+07,1.90E+09
2020-12-22,2733.68,-44.97,-1.62,2772.03,2774.22,2733.64,1260762,1.99E+07,1.88E+09
2020-12-21,2778.65,6.47,0.23,2771.98,2780.24,2747.09,1139514,1.90E+07,1.91E+09
2020-12-18,2772.18,1.75,0.06,2770.95,2782.15,2762.8,1059144,1.92E+07,1.91E+09
2020-12-17,2770.43,-1.36,-0.05,2769.89,2772.71,2742.25,1015484,1.63E+07,1.91E+09
2020-12-16,2771.79,14.97,0.54,2763.64,2781.08,2761.5,1166638,1.36E+07,1.91E+09
2020-12-15,2756.82,-5.38,-0.19,2763.65,2769.37,2735.08,1093523,1.55E+07,1.90E+09
2020-12-14,2762.2,-7.86,-0.28,2769.43,2782.79,2755.29,1113631,1.70E+07,1.90E+09
2020-12-11,2770.06,23.6,0.86,2754.16,2781.04,2754.16,1215239,1.83E+07,1.91E+09
2020-12-10,2746.46,-9.01,-0.33,2750.34,2765.46,2718.7,1227651,2.06E+07,1.89E+09
2020-12-09,2755.47,54.54,2.02,2703.3,2755.47,2703.3,1252305,1.70E+07,1.89E+09
2020-12-08,2700.93,-44.51,-1.62,2745.13,2747.45,2700.92,1415240,1.72E+07,1.86E+09
2020-12-07,2745.44,13.99,0.51,2738.11,2754.01,2711.42,1499265,1.79E+07,1.89E+09
2020-12-04,2731.45,35.23,1.31,2705.34,2742.77,2705.34,1778897,1.99E+07,1.88E+09
2020-12-03,2696.22,20.32,0.76,2686.38,2696.22,2672.85,817066,1.56E+07,1.85E+09
2020-12-02,2675.9,41.65,1.58,2645.88,2677.26,2644.53,1076204,1.75E+07,1.84E+09
2020-12-01,2634.25,42.91,1.66,2613.42,2638.87,2611.67,1151129,1.59E+07,1.81E+09
2020-11-30,2591.34,-42.11,-1.6,2648.05,2648.66,2591.34,1311831,2.12E+07,1.78E+09
2020-11-27,2633.45,7.54,0.29,2624.8,2635,2618.47,1196042,1.26E+07,1.81E+09
2020-11-26,2625.91,24.37,0.94,2605.73,2625.97,2592.43,1387435,1.27E+07,1.80E+09
2020-11-25,2601.54,-16.22,-0.62,2637.34,2642.26,2583.41,1410105,2.18E+07,1.79E+09
2020-11-24,2617.76,15.17,0.58,2616.28,2628.52,2605.03,1364506,1.69E+07,1.80E+09
2020-11-23,2602.59,49.09,1.92,2560.04,2605.58,2553.7,1649443,1.58E+07,1.79E+09
2020-11-20,2553.5,6.08,0.24,2544.06,2558.21,2539.79,1129501,1.23E+07,1.75E+09
2020-11-19,2547.42,1.78,0.07,2536.89,2548.95,2529.53,976483,1.25E+07,1.75E+09
2020-11-18,2545.64,6.49,0.26,2548.85,2553.95,2536.78,923504,1.36E+07,1.75E+09
2020-11-17,2539.15,-3.88,-0.15,2544.12,2556.09,2533.34,1267495,1.78E+07,1.74E+09
2020-11-16,2543.03,49.16,1.97,2507.46,2546.37,2507.46,1239135,1.91E+07,1.74E+09
2020-11-13,2493.87,18.25,0.74,2470.12,2495.77,2460.96,1072383,1.70E+07,1.71E+09
2020-11-12,2475.62,-10.25,-0.41,2482.68,2488.79,2467.04,1278692,1.64E+07,1.70E+09
2020-11-11,2485.87,33.04,1.35,2459.5,2488.04,2459.5,1272039,1.83E+07,1.70E+09
2020-11-10,2452.83,5.63,0.23,2453.95,2457.94,2435.59,1464168,1.80E+07,1.68E+09
2020-11-09,2447.2,30.7,1.27,2438.63,2459.15,2434.52,1354863,1.48E+07,1.68E+09
2020-11-06,2416.5,2.71,0.11,2421.79,2431.11,2404.97,825569,1.26E+07,1.66E+09
2020-11-05,2413.79,56.47,2.4,2373.41,2413.79,2370.85,702037,1.26E+07,1.65E+09
2020-11-04,2357.32,14.01,0.6,2361.32,2371.14,2339.95,986786,1.48E+07,1.61E+09
2020-11-03,2343.31,43.15,1.88,2315.81,2344.77,2315.3,887445,1.09E+07,1.61E+09
2020-11-02,2300.16,33.01,1.46,2276.61,2302.64,2267.95,678501,8514452,1.58E+09
2020-10-30,2267.15,-59.52,-2.56,2319.56,2320.2,2266.93,795585,1.18E+07,1.55E+09
2020-10-29,2326.67,-18.59,-0.79,2312.34,2330.17,2299.91,509768,1.04E+07,1.59E+09
2020-10-28,2345.26,14.42,0.62,2324.18,2345.46,2316.47,705770,8941028,1.61E+09
2020-10-27,2330.84,-13.07,-0.56,2328.66,2349.33,2321.23,666942,1.13E+07,1.60E+09
2020-10-26,2343.91,-16.9,-0.72,2366.5,2374.5,2342.58,822268,1.17E+07,1.61E+09
2020-10-23,2360.81,5.76,0.24,2364.84,2368.57,2344.49,890385,1.07E+07,1.62E+09
2020-10-22,2355.05,-15.81,-0.67,2355.61,2360.22,2339.73,815612,9774989,1.61E+09
2020-10-21,2370.86,12.45,0.53,2363.03,2371.74,2356.32,812837,9864098,1.62E+09
2020-10-20,2358.41,11.67,0.5,2333.56,2358.41,2322.06,874293,1.18E+07,1.62E+09
2020-10-19,2346.74,5.21,0.22,2352.92,2364.25,2344.77,931645,1.05E+07,1.61E+09
2020-10-16,2341.53,-19.68,-0.83,2363.88,2370.73,2325.03,920205,1.11E+07,1.60E+09
2020-10-15,2361.21,-19.27,-0.81,2375.91,2376.73,2348.74,1165501,1.30E+07,1.62E+09
2020-10-14,2380.48,-22.67,-0.94,2403.74,2405.56,2375.54,901177,1.10E+07,1.62E+09
2020-10-13,2403.15,-0.58,-0.02,2416.85,2418.89,2385.87,724920,1.02E+07,1.64E+09
2020-10-12,2403.73,11.77,0.49,2404.18,2409.42,2393.74,843574,1.07E+07,1.64E+09
2020-10-08,2391.96,5.02,0.21,2408.49,2409.01,2383.82,961726,1.25E+07,1.63E+09
2020-10-07,2386.94,21.04,0.89,2350.82,2387.45,2347.82,737994,8971101,1.62E+09
2020-10-06,2365.9,7.9,0.34,2369.17,2378.28,2355.39,861755,1.11E+07,1.61E+09
2020-10-05,2358,30.11,1.29,2330.55,2364.73,2327.83,763618,1.07E+07,1.60E+09
2020-09-29,2327.89,19.81,0.86,2331.51,2339.83,2320.04,646218,9487147,1.58E+09
2020-09-28,2308.08,29.29,1.29,2301.16,2314.81,2291.32,605977,8971172,1.57E+09
2020-09-25,2278.79,6.09,0.27,2295.19,2296.36,2267.63,697962,1.02E+07,1.55E+09
2020-09-24,2272.7,-60.54,-2.59,2295.62,2309.74,2268.88,714881,1.25E+07,1.55E+09
2020-09-23,2333.24,0.65,0.03,2352.56,2354.46,2287.44,735042,1.36E+07,1.59E+09
2020-09-22,2332.59,-56.8,-2.38,2388.14,2388.49,2323.58,1051028,1.79E+07,1.59E+09
2020-09-21,2389.39,-23.01,-0.95,2412.44,2427.17,2379.38,1041993,1.42E+07,1.63E+09
2020-09-18,2412.4,6.23,0.26,2413.53,2417.81,2396.33,756517,1.40E+07,1.64E+09
2020-09-17,2406.17,-29.75,-1.22,2430.77,2437.02,2398.69,853740,1.42E+07,1.64E+09
2020-09-16,2435.92,-7.66,-0.31,2442.72,2450.53,2429.94,772938,1.19E+07,1.66E+09
2020-09-15,2443.58,15.67,0.65,2434.59,2444.57,2423.79,849969,1.18E+07,1.66E+09
2020-09-14,2427.91,31.22,1.3,2418.33,2429.07,2410.79,963083,1.20E+07,1.65E+09
2020-09-11,2396.69,0.21,0.01,2389.76,2397.56,2374,882880,1.21E+07,1.63E+09
2020-09-10,2396.48,20.67,0.87,2404.83,2406.68,2388.56,1064574,1.58E+07,1.63E+09
2020-09-09,2375.81,-26.1,-1.09,2372.53,2388.85,2369.12,946247,1.55E+07,1.62E+09
2020-09-08,2401.91,17.69,0.74,2402.66,2407.56,2391.43,979357,1.73E+07,1.63E+09
2020-09-07,2384.22,15.97,0.67,2369.85,2387.49,2362.42,1197385,1.72E+07,1.62E+09
2020-09-04,2368.25,-27.65,-1.15,2332.68,2371.02,2332.68,1351039,1.97E+07,1.61E+09
2020-09-03,2395.9,31.53,1.33,2383.26,2401.78,2382.23,981546,1.74E+07,1.63E+09
2020-09-02,2364.37,14.82,0.63,2363.43,2369.57,2341.29,1429273,1.58E+07,1.61E+09
2020-09-01,2349.55,23.38,1.01,2340.19,2355.9,2331.23,1085245,1.67E+07,1.60E+09
2020-08-31,2326.17,-27.63,-1.17,2377.09,2381.5,2326.06,1647818,1.95E+07,1.58E+09
2020-08-28,2353.8,9.35,0.4,2362.22,2379.26,2345.28,1297312,1.55E+07,1.60E+09
2020-08-27,2344.45,-24.87,-1.05,2371.95,2373.36,2344.38,913917,1.52E+07,1.59E+09
2020-08-26,2369.32,2.59,0.11,2367.74,2374.68,2336.98,956478,1.44E+07,1.61E+09
2020-08-25,2366.73,36.9,1.58,2352.15,2369.78,2340.97,771585,1.36E+07,1.61E+09
2020-08-24,2329.83,25.24,1.1,2309.38,2332.33,2283.48,649277,1.17E+07,1.58E+09
2020-08-21,2304.59,30.37,1.34,2306.16,2329.34,2280.97,865736,1.41E+07,1.57E+09
2020-08-20,2274.22,-86.32,-3.66,2339.91,2357.08,2270.85,903744,1.71E+07,1.55E+09
2020-08-19,2360.54,12.3,0.52,2370.87,2380.1,2353.17,637965,1.24E+07,1.60E+09
2020-08-18,2348.24,-59.25,-2.46,2405.84,2419.65,2336.78,909750,1.76E+07,1.60E+09
2020-08-14,2407.49,-30.04,-1.23,2427.85,2435,2383.69,968125,1.66E+07,1.64E+09
2020-08-13,2437.53,5.18,0.21,2455.28,2458.17,2412.49,907219,1.83E+07,1.66E+09
2020-08-12,2432.35,13.68,0.57,2414.78,2432.35,2393.27,763735,1.67E+07,1.65E+09
2020-08-11,2418.67,32.29,1.35,2396.11,2429.36,2396.11,843438,1.97E+07,1.64E+09
2020-08-10,2386.38,34.71,1.48,2353.92,2390.51,2349.33,784617,1.95E+07,1.62E+09
2020-08-07,2351.67,9.06,0.39,2349.25,2362.24,2333.62,812595,1.76E+07,1.60E+09
2020-08-06,2342.61,30.75,1.33,2322.64,2352.48,2322.64,797147,1.78E+07,1.59E+09
2020-08-05,2311.86,31.89,1.4,2289.23,2312.14,2283.95,841299,1.79E+07,1.57E+09
2020-08-04,2279.97,28.93,1.29,2272.33,2284.66,2269.69,722906,1.53E+07,1.55E+09
2020-08-03,2251.04,1.67,0.07,2251.65,2254.38,2237.04,648462,1.36E+07,1.53E+09
2020-07-31,2249.37,-17.64,-0.78,2278.53,2281.41,2248.49,739689,1.30E+07,1.53E+09
2020-07-30,2267.01,3.85,0.17,2275.33,2281.33,2263.81,713039,1.36E+07,1.54E+09
2020-07-29,2263.16,6.17,0.27,2258.35,2276.79,2252.24,899494,1.55E+07,1.54E+09
2020-07-28,2256.99,39.13,1.76,2238.19,2266,2237.21,866726,1.75E+07,1.53E+09
2020-07-27,2217.86,17.42,0.79,2203.48,2231.25,2203.48,928625,1.43E+07,1.50E+09
2020-07-24,2200.44,-15.75,-0.71,2196.73,2219.57,2195.49,1001025,1.72E+07,1.49E+09
2020-07-23,2216.19,-12.47,-0.56,2227.24,2227.24,2202.99,934542,1.63E+07,1.50E+09
2020-07-22,2228.66,-0.17,-0.01,2228.2,2238.86,2221.62,856218,1.57E+07,1.51E+09
2020-07-21,2228.83,30.63,1.39,2219.19,2234.86,2214.28,918483,1.58E+07,1.51E+09
2020-07-20,2198.2,-2.99,-0.14,2209.59,2209.59,2183.83,686819,1.20E+07,1.49E+09
2020-07-17,2201.19,17.43,0.8,2187.85,2204.2,2187.85,569297,1.02E+07,1.49E+09
2020-07-16,2183.76,-18.12,-0.82,2203.3,2207.34,2177.82,784637,1.13E+07,1.48E+09
2020-07-15,2201.88,18.27,0.84,2208.73,2216.97,2190.66,830266,1.36E+07,1.49E+09
2020-07-14,2183.61,-2.45,-0.11,2176.43,2183.61,2165.6,810952,1.16E+07,1.48E+09
2020-07-13,2186.06,35.81,1.67,2170.51,2188.8,2163.07,650231,1.05E+07,1.48E+09
2020-07-10,2150.25,-17.65,-0.81,2171.44,2171.52,2140.29,886987,1.20E+07,1.46E+09
2020-07-09,2167.9,9.02,0.42,2171.15,2181.48,2166.74,619368,1.20E+07,1.47E+09
2020-07-08,2158.88,-5.29,-0.24,2166.76,2173.83,2150.89,677810,1.16E+07,1.46E+09
2020-07-07,2164.17,-23.76,-1.09,2202.04,2206.79,2164.03,847434,1.49E+07,1.47E+09
2020-07-06,2187.93,35.52,1.65,2158.95,2191.28,2157.71,666902,1.17E+07,1.48E+09
2020-07-03,2152.41,17.04,0.8,2147.89,2153.54,2135.3,770055,8649544,1.46E+09
2020-07-02,2135.37,28.67,1.36,2116.72,2135.37,2113.98,1091965,1.07E+07,1.45E+09
2020-07-01,2106.7,-1.63,-0.08,2128.81,2133.55,2101.33,1116221,1.02E+07,1.42E+09
2020-06-30,2108.33,14.85,0.71,2124.38,2134.38,2108.26,708605,1.17E+07,1.42E+09
2020-06-29,2093.48,-41.17,-1.93,2105.54,2120.5,2087.84,643156,9025868,1.41E+09
2020-06-26,2134.65,22.28,1.05,2137.47,2142.04,2115.25,761044,9821160,1.44E+09
2020-06-25,2112.37,-49.14,-2.27,2130.45,2143.33,2112.37,1017721,1.07E+07,1.42E+09
2020-06-24,2161.51,30.27,1.42,2145.93,2171.86,2143.91,913896,1.33E+07,1.45E+09
2020-06-23,2131.24,4.51,0.21,2149.13,2158.15,2110.51,917567,1.35E+07,1.43E+09
2020-06-22,2126.73,-14.59,-0.68,2126.38,2142.88,2122.1,789372,1.01E+07,1.43E+09
2020-06-19,2141.32,7.84,0.37,2153.09,2153.57,2108.91,1079453,1.23E+07,1.44E+09
2020-06-18,2133.48,-7.57,-0.35,2134.35,2145.13,2120.29,767184,1.11E+07,1.44E+09
2020-06-17,2141.05,3,0.14,2133.18,2154.37,2105.26,927516,1.55E+07,1.44E+09
2020-06-16,2138.05,107.23,5.28,2091.09,2138.08,2079.02,973639,1.38E+07,1.44E+09
2020-06-15,2030.82,-101.48,-4.76,2114.41,2129.67,2030.82,1072278,1.82E+07,1.37E+09
2020-06-12,2132.3,-44.48,-2.04,2088.24,2137.12,2084.63,689897,1.50E+07,1.43E+09
2020-06-11,2176.78,-18.91,-0.86,2184.36,2200.72,2148.51,827381,1.70E+07,1.46E+09
2020-06-10,2195.69,6.77,0.31,2187.91,2200.68,2178.12,706294,1.29E+07,1.48E+09
2020-06-09,2188.92,4.63,0.21,2206.23,2212.17,2166.01,817085,1.47E+07,1.47E+09
2020-06-08,2184.29,2.42,0.11,2215.6,2217.21,2174.96,854035,1.31E+07,1.47E+09
2020-06-05,2181.87,30.69,1.43,2151.17,2187.25,2138.18,854591,1.28E+07,1.47E+09
2020-06-04,2151.18,4.18,0.19,2181.64,2191,2139.68,1393308,1.60E+07,1.45E+09
2020-06-03,2147,59.81,2.87,2108.55,2156.55,2107.69,1152001,1.70E+07,1.44E+09
2020-06-02,2087.19,22.11,1.07,2061.45,2089.43,2059.14,1000332,1.02E+07,1.40E+09
2020-06-01,2065.08,35.48,1.75,2037.04,2065.38,2035.63,997348,9839657,1.39E+09
2020-05-29,2029.6,1.06,0.05,2018.37,2038.89,2006.62,1086215,1.41E+07,1.36E+09
2020-05-28,2028.54,-2.66,-0.13,2047.08,2054.52,2003.75,1172134,1.45E+07,1.36E+09
2020-05-27,2031.2,1.42,0.07,2027.9,2043.44,2019.82,1178848,1.26E+07,1.36E+09
2020-05-26,2029.78,35.18,1.76,2001,2029.89,1997.94,1017804,1.25E+07,1.36E+09
2020-05-25,1994.6,24.47,1.24,1980.51,1994.9,1967.84,641459,7960325,1.34E+09
2020-05-22,1970.13,-28.18,-1.41,2001.6,2002.65,1961.4,847467,9509772,1.32E+09
2020-05-21,1998.31,8.67,0.44,2003.2,2004.95,1993,601199,8636998,1.34E+09
2020-05-20,1989.64,9.03,0.46,1972.12,1992.2,1972.12,699447,8248632,1.34E+09
2020-05-19,1980.61,43.5,2.25,1977.47,1983.77,1968.59,773415,1.19E+07,1.33E+09
2020-05-18,1937.11,9.83,0.51,1934.51,1943.07,1921.14,761696,9394307,1.30E+09
2020-05-15,1927.28,2.32,0.12,1937.63,1938.59,1913.21,866357,9723313,1.29E+09
2020-05-14,1924.96,-15.46,-0.8,1922.44,1931.43,1913.49,760646,9469021,1.29E+09
2020-05-13,1940.42,18.25,0.95,1897.5,1940.42,1897.24,618784,9012308,1.30E+09
2020-05-12,1922.17,-13.23,-0.68,1938.62,1938.62,1905.17,799930,9681897,1.29E+09
2020-05-11,1935.4,-10.42,-0.54,1953.51,1960.46,1932.87,591283,7752761,1.30E+09
2020-05-08,1945.82,17.21,0.89,1944.94,1956.89,1942.54,784773,7941568,1.31E+09
2020-05-07,1928.61,-0.15,-0.01,1922,1938.5,1918.57,775658,7383335,1.30E+09
2020-05-06,1928.76,33.39,1.76,1919.45,1928.76,1902.55,1082527,8550701,1.30E+09
2020-05-04,1895.37,-52.19,-2.68,1906.42,1918.66,1894.29,1146855,1.03E+07,1.27E+09
2020-04-29,1947.56,13.47,0.7,1936.89,1957.51,1934.31,1984182,1.05E+07,1.31E+09
2020-04-28,1934.09,11.32,0.59,1931.25,1941.79,1911.63,1173476,1.04E+07,1.30E+09
2020-04-27,1922.77,33.76,1.79,1897.06,1929.82,1894.62,735663,8171669,1.29E+09
2020-04-24,1889.01,-25.72,-1.34,1906.07,1908.29,1880.71,933917,9647344,1.27E+09
2020-04-23,1914.73,18.58,0.98,1907.45,1923.53,1895.98,683720,9124272,1.29E+09
2020-04-22,1896.15,16.77,0.89,1855.51,1897.9,1844.85,820360,9428673,1.27E+09
2020-04-21,1879.38,-18.98,-1,1886.78,1898.32,1841.66,1174294,1.39E+07,1.26E+09
2020-04-20,1898.36,-16.17,-0.84,1908.34,1925.25,1893.17,1087463,1.19E+07,1.28E+09
2020-04-17,1914.53,57.46,3.09,1893.31,1926.02,1893.19,1667460,1.41E+07,1.29E+09
2020-04-16,1857.07,-0.01,0,1839.51,1862.23,1828.13,878338,1.07E+07,1.25E+09
2020-04-14,1857.08,31.32,1.72,1846.41,1864.46,1837.17,886766,9995854,1.25E+09
2020-04-13,1825.76,-34.94,-1.88,1853.3,1853.3,1825.76,1017752,9516704,1.23E+09
2020-04-10,1860.7,24.49,1.33,1835.76,1861.1,1824.43,992548,1.20E+07,1.25E+09
2020-04-09,1836.21,29.07,1.61,1838.09,1839.33,1818.3,920571,1.05E+07,1.24E+09
2020-04-08,1807.14,-16.46,-0.9,1815.75,1842.16,1801.8,907494,1.11E+07,1.22E+09
2020-04-07,1823.6,31.72,1.77,1826.72,1838.97,1791.92,951739,1.16E+07,1.23E+09
2020-04-06,1791.88,66.44,3.85,1745.25,1794.19,1742.67,1219389,1.10E+07,1.21E+09
2020-04-03,1725.44,0.58,0.03,1731.17,1743.91,1706.68,1000087,1.02E+07,1.16E+09
2020-04-02,1724.86,39.4,2.34,1693.53,1726.76,1664.13,766313,1.02E+07,1.16E+09
2020-04-01,1685.46,-69.18,-3.94,1737.28,1762.44,1685.37,1243591,1.21E+07,1.13E+09
2020-03-31,1754.64,37.52,2.19,1739.29,1757.81,1722.62,1037488,1.39E+07,1.18E+09
2020-03-30,1717.12,-0.61,-0.04,1670.34,1729.63,1659.95,767777,9081050,1.16E+09
2020-03-27,1717.73,31.49,1.87,1756.07,1759.05,1668.21,1077527,1.29E+07,1.16E+09
2020-03-26,1686.24,-18.52,-1.09,1699.11,1735.75,1679.23,992474,1.24E+07,1.14E+09
2020-03-25,1704.76,94.79,5.89,1668.19,1707.64,1645.28,872809,1.26E+07,1.15E+09
2020-03-24,1609.97,127.51,8.6,1523.69,1609.97,1508.68,679288,1.05E+07,1.08E+09
2020-03-23,1482.46,-83.69,-5.34,1474.45,1516.75,1458.41,647528,9645272,9.98E+08
2020-03-20,1566.15,108.51,7.44,1498.49,1566.82,1466.48,817021,1.06E+07,1.05E+09
2020-03-19,1457.64,-133.56,-8.39,1626.09,1626.09,1439.43,977675,1.19E+07,9.82E+08
2020-03-18,1591.2,-81.24,-4.86,1686.12,1693.95,1591.12,728008,9576387,1.07E+09
2020-03-17,1672.44,-42.42,-2.47,1640.84,1722.97,1637.88,649779,9709077,1.13E+09
2020-03-16,1714.86,-56.58,-3.19,1805.43,1805.43,1714.38,682004,8593833,1.16E+09
2020-03-13,1771.44,-62.89,-3.43,1722.68,1809.31,1680.6,1035278,1.34E+07,1.19E+09
2020-03-12,1834.33,-73.94,-3.87,1887.97,1897.23,1808.56,850345,1.13E+07,1.24E+09
2020-03-11,1908.27,-54.66,-2.78,1965.67,1967.7,1898.27,679716,8598097,1.28E+09
2020-03-10,1962.93,8.16,0.42,1942.85,1968.17,1934.72,638564,9133693,1.32E+09
2020-03-09,1954.77,-85.45,-4.19,1981.02,1989.5,1946.9,666868,8796944,1.32E+09
2020-03-06,2040.22,-45.04,-2.16,2053.09,2062.57,2032.13,865588,7233538,1.37E+09
2020-03-05,2085.26,25.93,1.26,2078.11,2089.08,2059.99,675205,7954349,1.40E+09
2020-03-04,2059.33,45.18,2.24,2005.81,2063.59,2005.81,606287,7829193,1.39E+09
2020-03-03,2014.15,11.64,0.58,2051.85,2051.85,2009.39,615693,8687847,1.36E+09
2020-03-02,2002.51,15.5,0.78,1997.03,2017.07,1969.34,528103,7811003,1.35E+09
2020-02-28,1987.01,-67.88,-3.3,2020.17,2031.01,1980.82,671552,9927960,1.34E+09
2020-02-27,2054.89,-21.88,-1.05,2073.87,2085.4,2049.15,562775,7241174,1.38E+09
2020-02-26,2076.77,-26.84,-1.28,2064.07,2089.64,2059.13,810938,8060327,1.40E+09
2020-02-25,2103.61,24.57,1.18,2075.55,2105.49,2071.5,1565588,8952278,1.42E+09
2020-02-24,2079.04,-83.8,-3.87,2114.04,2120.06,2079.03,948621,9315475,1.40E+09
2020-02-21,2162.84,-32.66,-1.49,2165.65,2184.43,2160.28,635474,7105856,1.46E+09
2020-02-20,2195.5,-14.84,-0.67,2223.55,2228.18,2186.72,709564,7677672,1.48E+09
2020-02-19,2210.34,1.46,0.07,2222.51,2226,2191.2,591155,7107034,1.49E+09
2020-02-18,2208.88,-33.29,-1.48,2225.98,2232.93,2205.21,470425,6411451,1.49E+09
2020-02-17,2242.17,-1.42,-0.06,2243.07,2250.05,2230.26,458248,5639201,1.51E+09
2020-02-14,2243.59,10.63,0.48,2232.71,2251.5,2221.9,597224,6379565,1.51E+09
2020-02-13,2232.96,-5.42,-0.24,2245.72,2255.49,2230.3,638666,8121197,1.51E+09
2020-02-12,2238.38,15.26,0.69,2225.95,2242.24,2214.77,632463,6892198,1.51E+09
2020-02-11,2223.12,22.05,1,2213.5,2233.32,2211.25,526211,6611195,1.50E+09
2020-02-10,2201.07,-10.88,-0.49,2185.63,2203.39,2180.51,609566,5471061,1.48E+09
2020-02-07,2211.95,-15.99,-0.72,2221.49,2223.92,2198.14,800342,8813174,1.49E+09
2020-02-06,2227.94,62.31,2.88,2184.77,2229.99,2182.25,695216,8334738,1.50E+09
2020-02-05,2165.63,7.73,0.36,2177.26,2181.52,2154.88,574396,7736275,1.46E+09
2020-02-04,2157.9,39.02,1.84,2121.22,2162.32,2120.53,624642,7791178,1.45E+09
2020-02-03,2118.88,-0.13,-0.01,2086.61,2126.73,2082.74,836700,8068704,1.43E+09
2020-01-31,2119.01,-28.99,-1.35,2160.6,2167.23,2119.01,710508,7226687,1.43E+09
2020-01-30,2148,-37.28,-1.71,2181.54,2187.45,2139.72,602838,7105203,1.45E+09
2020-01-29,2185.28,8.56,0.39,2188.18,2195.45,2172.33,692301,6589950,1.47E+09
2020-01-28,2176.72,-69.41,-3.09,2192.22,2199.93,2166.23,808879,8818232,1.47E+09
2020-01-23,2246.13,-21.12,-0.93,2254.54,2260.63,2241.94,509609,6790104,1.51E+09
2020-01-22,2267.25,27.56,1.23,2238.53,2269.27,2235.13,608510,6365617,1.53E+09
2020-01-21,2239.69,-22.95,-1.01,2259.81,2266.31,2238.25,770320,5569551,1.51E+09
2020-01-20,2262.64,12.07,0.54,2261.4,2277.23,2258.09,545491,5950403,1.52E+09
2020-01-17,2250.57,2.52,0.11,2261.57,2268.71,2245.58,580816,5444384,1.52E+09
2020-01-16,2248.05,17.07,0.77,2231.93,2249.09,2225.41,808332,6204474,1.51E+09
2020-01-15,2230.98,-7.9,-0.35,2229.8,2238.21,2223.39,746156,5946351,1.50E+09
2020-01-14,2238.88,9.62,0.43,2243.06,2250.79,2232.94,835899,7294228,1.51E+09
2020-01-13,2229.26,22.87,1.04,2204.49,2230.43,2204.49,488289,6214780,1.50E+09
2020-01-10,2206.39,19.94,0.91,2189.48,2206.92,2188.1,594537,6459300,1.48E+09
2020-01-09,2186.45,35.14,1.63,2182.2,2186.45,2172.16,592604,7261591,1.47E+09
2020-01-08,2151.31,-24.23,-1.11,2156.27,2162.32,2137.72,913831,8750722,1.45E+09
2020-01-07,2175.54,20.47,0.95,2166.6,2181.62,2164.27,568236,5143512,1.46E+09
2020-01-06,2155.07,-21.39,-0.98,2154.97,2164.42,2149.95,592671,5156541,1.45E+09
2020-01-03,2176.46,1.29,0.06,2192.58,2203.38,2165.39,631563,5763663,1.46E+09
2020-01-02,2175.17,-22.5,-1.02,2201.21,2202.32,2171.84,494678,4638167,1.46E+09
